text,label
"REMÃ‰DIO ANTIALÃ‰RGICO R$ 78,80",SaÃºde
"Sorvete Outback urgente R$ 279,70",Lazer
Ifood Pizzaria,Lazer
ServiÃ§o Office 365,Outros
YouTube Premium urgente,Assinaturas
"Conta de Ã¡gua Nubank ğŸ˜… R$ 336,35",Moradia
Netflix urgente,Assinaturas
"Presente para mÃ£e âœ… R$ 331,21",Outros
COMPRA DE SUPERMERCADO ASSAÃ (PIX),Mercado
"Compra na Bom PreÃ§o ğŸ˜… R$ 60,60",Outros
"Compra de supermercado AssaÃ­ hoje R$ 151,75",Mercado
RECEBI SALÃRIO,Renda
Uber para casa,Transporte
Bar Burger King urgente,Lazer
CondomÃ­nio do apartamento,Moradia
Passagem de Ã´nibus,Transporte
FarmÃ¡cia Panvel (pix),SaÃºde
Assinatura iCloud,Assinaturas
Hortifruti da esquina,Mercado
Restaurante Restaurante japonÃªs hoje,Lazer
Airbnb centro hoje,Viagem
Conta de luz ItaÃº urgente,Moradia
Aluguel de carro urgente,Viagem
ServiÃ§o Office 365 ğŸ˜…,Outros
Recebimento freelance {tipo} urgente,Renda
PedÃ¡gio aeroporto urgente,Transporte
Plano de saÃºde Tim âœ…,SaÃºde
Sorvete Burger King urgente,Lazer
Exame de sangue urgente,SaÃºde
"Paguei aluguel âœ… R$ 353,73",Moradia
PLANO DE SAÃšDE CLARO,SaÃºde
BÃ´nus do trabalho ğŸ˜…,Renda
Bar Outback ğŸ˜…,Lazer
"Passagem aÃ©rea Azul urgente R$ 152,40",Viagem
Estacionamento trabalho ğŸ˜…,Transporte
SHOW/INGRESSO,Lazer
"Udemy Machine Learning R$ 590,89",EducaÃ§Ã£o
Consulta mÃ©dica,SaÃºde
"Curso InglÃªs R$ 224,67",EducaÃ§Ã£o
"Plano de saÃºde Claro R$ 476,51",SaÃºde
Pagamento diverso hoje,Outros
Exame de sangue urgente,SaÃºde
CURSO INGLÃŠS,EducaÃ§Ã£o
Plano de saÃºde Enel (pix),SaÃºde
Estacionamento centro hoje,Transporte
Spotify,Assinaturas
Dentista (pix),SaÃºde
"Recebimento freelance {tipo} R$ 59,95",Renda
Udemy Power BI,EducaÃ§Ã£o
Pagamento diverso ğŸ˜…,Outros
PADARIA CENTRAL,Mercado
Mensalidade faculdade (pix),EducaÃ§Ã£o
"Conta de luz Unimed ğŸ˜… R$ 439,22",Moradia
"PAGAMENTO TIM (PIX) R$ 527,49",Renda
BÃ´nus do trabalho,Renda
Recebi salÃ¡rio (pix),Renda
Cinema com amigos,Lazer
"RemÃ©dio dipirona R$ 309,54",SaÃºde
Alura (pix),EducaÃ§Ã£o
Plano de saÃºde ItaÃº,SaÃºde
ServiÃ§o iCloud,Outros
REMÃ‰DIO IBUPROFENO URGENTE,SaÃºde
Padaria da esquina âœ…,Mercado
HOTEL EM AEROPORTO URGENTE,Viagem
BÃ´nus do trabalho hoje,Renda
Cinema com amigos (pix),Lazer
"Plano de saÃºde Enel ğŸ˜… R$ 172,87",SaÃºde
BÃ´nus do trabalho (pix),Renda
Internet Vivo,Moradia
AÃ§ougue Bom PreÃ§o ğŸ˜…,Mercado
GÃ¡s de cozinha,Moradia
ServiÃ§o iCloud,Outros
Compra na Central âœ…,Outros
SORVETE RESTAURANTE JAPONÃŠS HOJE,Lazer
FarmÃ¡cia Pague Menos ğŸ˜…,SaÃºde
Restaurante Pizzaria hoje,Lazer
"Dentista R$ 519,12",SaÃºde
DoaÃ§Ã£o urgente,Outros
Dentista (pix),SaÃºde
BÃ´nus do trabalho (pix),Renda
Udemy Python âœ…,EducaÃ§Ã£o
Hortifruti Popular (pix),Mercado
Passeio turÃ­stico academia,Viagem
DEPÃ“SITO DE SALÃRIO UNIMED ğŸ˜…,Renda
Plano de saÃºde Unimed âœ…,SaÃºde
"Curso InglÃªs âœ… R$ 358,01",EducaÃ§Ã£o
"Passagem aÃ©rea Azul R$ 113,69",Viagem
Fui no PÃ£o de AÃ§Ãºcar comprar comida (pix),Mercado
"Alura R$ 175,16",EducaÃ§Ã£o
Curso Machine Learning,EducaÃ§Ã£o
"Material escolar R$ 36,54",EducaÃ§Ã£o
GÃ¡s de cozinha,Moradia
DEPÃ“SITO DE SALÃRIO UNIMED,Renda
Estacionamento centro,Transporte
Paguei aluguel,Moradia
"DENTISTA HOJE R$ 236,97",SaÃºde
Bar Pizzaria hoje,Lazer
Assinatura ChatGPT Plus,Assinaturas
Sorvete Restaurante japonÃªs hoje,Lazer
"RECEBIMENTO FREELANCE {TIPO} âœ… R$ 97,10",Renda
Airbnb aeroporto hoje,Viagem
DoaÃ§Ã£o urgente,Outros
Passeio turÃ­stico aeroporto (pix),Viagem
Material escolar,EducaÃ§Ã£o
"CondomÃ­nio do apartamento R$ 154,47",Moradia
Cinema com amigos (pix),Lazer
HORTIFRUTI BOM PREÃ‡O (PIX),Mercado
"Estacionamento casa ğŸ˜… R$ 577,17",Transporte
Plano de saÃºde ItaÃº (pix),SaÃºde
GÃ¡s de cozinha,Moradia
RemÃ©dio vitamina C (pix),SaÃºde
"Presente para pai hoje R$ 127,96",Outros
"Plano de saÃºde Tim R$ 508,96",SaÃºde
"Airbnb casa hoje R$ 562,75",Viagem
Estacionamento aeroporto âœ…,Transporte
PASSAGEM DE Ã”NIBUS,Transporte
"Spotify âœ… R$ 580,93",Assinaturas
"YouTube Premium R$ 242,94",Assinaturas
"Material escolar R$ 504,03",EducaÃ§Ã£o
MATERIAL ESCOLAR URGENTE,EducaÃ§Ã£o
Compra no PÃ£o de AÃ§Ãºcar,Mercado
BÃ´nus do trabalho,Renda
"Pagamento Enel R$ 511,23",Renda
"Compra de livro finanÃ§as pessoais (pix) R$ 96,00",EducaÃ§Ã£o
"Aluguel de carro ğŸ˜… R$ 106,17",Viagem
AÃ§ougue Popular,Mercado
"Gasolina no Ale ğŸ˜… R$ 368,01",Transporte
Passagem aÃ©rea Gol,Viagem
RENOVAÃ‡ÃƒO ICLOUD ğŸ˜…,Assinaturas
"Fui no PÃ£o de AÃ§Ãºcar comprar comida ğŸ˜… R$ 210,02",Mercado
Compra no Supermercado local,Mercado
RenovaÃ§Ã£o Google One (pix),Assinaturas
Passeio turÃ­stico casa âœ…,Viagem
Udemy Machine Learning (pix),EducaÃ§Ã£o
Sorvete Restaurante japonÃªs hoje,Lazer
"Hortifruti da esquina R$ 418,73",Mercado
Sorvete Pizzaria âœ…,Lazer
"GÃ¡s de cozinha (pix) R$ 157,34",Moradia
Pix recebido do JoÃ£o,Renda
Compra de supermercado Carrefour,Mercado
Udemy Python,EducaÃ§Ã£o
Bar Outback ğŸ˜…,Lazer
Restaurante Restaurante japonÃªs urgente,Lazer
Exame de sangue,SaÃºde
SORVETE MCDONALD'S,Lazer
Show/ingresso ğŸ˜…,Lazer
Consulta mÃ©dica urgente,SaÃºde
BÃ´nus do trabalho hoje,Renda
Conta de luz Nubank ğŸ˜…,Moradia
Aluguel de carro,Viagem
Fui no Carrefour comprar comida,Mercado
Plano de saÃºde Unimed,SaÃºde
Conta de Ã¡gua Tim urgente,Moradia
"Gasolina no Shell âœ… R$ 58,26",Transporte
"Gasolina no BR âœ… R$ 33,04",Transporte
Mensalidade faculdade urgente,EducaÃ§Ã£o
Compra de livro estatÃ­stica,EducaÃ§Ã£o
Amazon Prime ğŸ˜…,Assinaturas
"Pagamento Vivo R$ 544,66",Renda
Udemy Machine Learning,EducaÃ§Ã£o
RemÃ©dio dipirona ğŸ˜…,SaÃºde
Mensalidade faculdade,EducaÃ§Ã£o
INTERNET TIM,Moradia
Padaria da esquina,Mercado
RECEBI SALÃRIO (PIX),Renda
Presente para Maria,Outros
UBER PARA CENTRO,Transporte
Pagamento diverso,Outros
Passagem aÃ©rea Gol,Viagem
"Amazon Prime R$ 19,40",Assinaturas
Airbnb casa âœ…,Viagem
Uber para academia,Transporte
CONTA DE ÃGUA VIVO âœ…,Moradia
"Plano de saÃºde Unimed urgente R$ 258,06",SaÃºde
Passagem de Ã´nibus,Transporte
"PedÃ¡gio casa âœ… R$ 222,14",Transporte
99 para aeroporto âœ…,Transporte
"Padaria da esquina âœ… R$ 99,44",Mercado
Compra de livro estatÃ­stica âœ…,EducaÃ§Ã£o
GÃ¡s de cozinha,Moradia
YouTube Premium âœ…,Assinaturas
"Compra no AtacadÃ£o âœ… R$ 267,62",Mercado
Padaria da esquina ğŸ˜…,Mercado
"Dentista hoje R$ 77,90",SaÃºde
GÃ¡s de cozinha ğŸ˜…,Moradia
RemÃ©dio antialÃ©rgico (pix),SaÃºde
Presente para JoÃ£o hoje,Outros
"Conta de luz Tim âœ… R$ 562,27",Moradia
FUI NO ATACADÃƒO COMPRAR COMIDA URGENTE,Mercado
"Consulta mÃ©dica R$ 149,19",SaÃºde
Presente para JoÃ£o,Outros
Restaurante McDonald's hoje,Lazer
"Gasolina no Shell urgente R$ 348,38",Transporte
Plano de saÃºde Tim ğŸ˜…,SaÃºde
Restaurante Restaurante japonÃªs,Lazer
RemÃ©dio ibuprofeno âœ…,SaÃºde
INTERNET ITAÃš HOJE,Moradia
GÃ¡s de cozinha,Moradia
"PAGUEI ALUGUEL ğŸ˜… R$ 554,04",Moradia
Ifood Pizzaria urgente,Lazer
Consulta mÃ©dica ğŸ˜…,SaÃºde
COMPRA NO ATACADÃƒO âœ…,Mercado
Compra na Central,Outros
SORVETE RESTAURANTE JAPONÃŠS HOJE,Lazer
Uber para trabalho,Transporte
"RenovaÃ§Ã£o Office 365 hoje R$ 380,11",Assinaturas
COMPRA DE SUPERMERCADO SUPERMERCADO LOCAL,Mercado
"Ifood Outback hoje R$ 360,60",Lazer
Ifood McDonald's âœ…,Lazer
Recebimento freelance {tipo} âœ…,Renda
"PASSEIO TURÃSTICO TRABALHO HOJE R$ 417,84",Viagem
RECEBIMENTO FREELANCE {TIPO},Renda
ServiÃ§o iCloud urgente,Outros
Alura âœ…,EducaÃ§Ã£o
Udemy Power BI ğŸ˜…,EducaÃ§Ã£o
Restaurante Outback hoje,Lazer
Alura (pix),EducaÃ§Ã£o
MENSALIDADE FACULDADE (PIX),EducaÃ§Ã£o
Airbnb trabalho urgente,Viagem
Internet Enel urgente,Moradia
"Amazon Prime R$ 397,06",Assinaturas
Presente para JoÃ£o,Outros
UDEMY POWER BI,EducaÃ§Ã£o
"MANUTENÃ‡ÃƒO CELULAR HOJE R$ 286,08",Outros
Aluguel de carro urgente,Viagem
"Material escolar âœ… R$ 365,78",EducaÃ§Ã£o
"Assinatura Google One R$ 120,29",Assinaturas
"FarmÃ¡cia Pague Menos urgente R$ 239,17",SaÃºde
"Curso Power BI (pix) R$ 21,63",EducaÃ§Ã£o
RenovaÃ§Ã£o iCloud,Assinaturas
Passeio turÃ­stico academia (pix),Viagem
Assinatura ChatGPT Plus ğŸ˜…,Assinaturas
"Udemy Power BI hoje R$ 276,41",EducaÃ§Ã£o
Conta de Ã¡gua Unimed (pix),Moradia
"Conta de Ã¡gua Enel R$ 31,74",Moradia
Gasolina no Shell urgente,Transporte
Fui no Supermercado local comprar comida âœ…,Mercado
Consulta mÃ©dica,SaÃºde
ManutenÃ§Ã£o carro hoje,Outros
ServiÃ§o ChatGPT Plus hoje,Outros
Gasolina no Ipiranga,Transporte
Alura ğŸ˜…,EducaÃ§Ã£o
RESTAURANTE RESTAURANTE JAPONÃŠS ğŸ˜…,Lazer
Alura,EducaÃ§Ã£o
"Passagem de Ã´nibus (pix) R$ 179,37",Transporte
Passagem de Ã´nibus (pix),Transporte
"PAGAMENTO VIVO R$ 269,51",Renda
YOUTUBE PREMIUM,Assinaturas
PedÃ¡gio trabalho,Transporte
Estacionamento academia,Transporte
"Bar McDonald's R$ 454,95",Lazer
Dentista,SaÃºde
CURSO PYTHON,EducaÃ§Ã£o
"Show/ingresso (pix) R$ 499,02",Lazer
Hortifruti Bom PreÃ§o,Mercado
Curso InglÃªs urgente,EducaÃ§Ã£o
Material escolar hoje,EducaÃ§Ã£o
"Exame de sangue ğŸ˜… R$ 75,04",SaÃºde
BÃ”NUS DO TRABALHO,Renda
Presente para mÃ£e,Outros
RemÃ©dio antialÃ©rgico,SaÃºde
Hortifruti Popular hoje,Mercado
Material escolar,EducaÃ§Ã£o
Recebi salÃ¡rio,Renda
RenovaÃ§Ã£o ChatGPT Plus ğŸ˜…,Assinaturas
RenovaÃ§Ã£o ChatGPT Plus,Assinaturas
"RemÃ©dio vitamina C ğŸ˜… R$ 156,74",SaÃºde
PedÃ¡gio trabalho,Transporte
"Exame de sangue R$ 562,93",SaÃºde
ServiÃ§o Office 365 hoje,Outros
"DEPÃ“SITO DE SALÃRIO ITAÃš R$ 187,51",Renda
Compra no PÃ£o de AÃ§Ãºcar urgente,Mercado
ManutenÃ§Ã£o computador,Outros
IFOOD RESTAURANTE JAPONÃŠS,Lazer
Compra de supermercado AssaÃ­ ğŸ˜…,Mercado
YouTube Premium (pix),Assinaturas
Restaurante McDonald's hoje,Lazer
COMPRA NO ASSAÃ (PIX),Mercado
SPOTIFY URGENTE,Assinaturas
"DepÃ³sito de salÃ¡rio Enel R$ 257,85",Renda
"Fui no Carrefour comprar comida hoje R$ 522,14",Mercado
"Compra de livro finanÃ§as pessoais hoje R$ 305,39",EducaÃ§Ã£o
Curso Power BI ğŸ˜…,EducaÃ§Ã£o
Gasolina no Ipiranga,Transporte
Passagem de Ã´nibus âœ…,Transporte
"Alura (pix) R$ 586,59",EducaÃ§Ã£o
Recebi salÃ¡rio,Renda
"FarmÃ¡cia Pague Menos ğŸ˜… R$ 227,47",SaÃºde
Material escolar (pix),EducaÃ§Ã£o
Udemy Power BI,EducaÃ§Ã£o
Conta de luz Tim,Moradia
"Pagamento diverso hoje R$ 83,79",Outros
HOTEL EM TRABALHO,Viagem
RENOVAÃ‡ÃƒO OFFICE 365,Assinaturas
Presente para JoÃ£o hoje,Outros
Restaurante Pizzaria ğŸ˜…,Lazer
Aluguel de carro,Viagem
Udemy Power BI urgente,EducaÃ§Ã£o
YouTube Premium,Assinaturas
"YouTube Premium hoje R$ 600,86",Assinaturas
Amazon Prime ğŸ˜…,Assinaturas
PedÃ¡gio academia,Transporte
FARMÃCIA PANVEL HOJE,SaÃºde
"Compra de supermercado AtacadÃ£o (pix) R$ 348,24",Mercado
BÃ´nus do trabalho urgente,Renda
Airbnb aeroporto hoje,Viagem
99 para aeroporto (pix),Transporte
Gasolina no Ale (pix),Transporte
"EXAME DE SANGUE R$ 492,38",SaÃºde
Amazon Prime hoje,Assinaturas
Assinatura Google One urgente,Assinaturas
"ALURA HOJE R$ 40,58",EducaÃ§Ã£o
Padaria Popular,Mercado
"YouTube Premium hoje R$ 538,67",Assinaturas
"Passeio turÃ­stico academia R$ 269,28",Viagem
"BÃ´nus do trabalho R$ 170,57",Renda
DepÃ³sito de salÃ¡rio Claro hoje,Renda
PedÃ¡gio centro (pix),Transporte
"ESTACIONAMENTO AEROPORTO âœ… R$ 167,87",Transporte
Compra no PÃ£o de AÃ§Ãºcar,Mercado
Conta de luz Copasa âœ…,Moradia
Assinatura ChatGPT Plus,Assinaturas
CondomÃ­nio do apartamento âœ…,Moradia
Hotel em centro hoje,Viagem
Compra de livro estatÃ­stica âœ…,EducaÃ§Ã£o
Presente para Maria,Outros
Plano de saÃºde Claro âœ…,SaÃºde
DepÃ³sito de salÃ¡rio Claro âœ…,Renda
COMPRA DE SUPERMERCADO ATACADÃƒO ğŸ˜…,Mercado
Passeio turÃ­stico aeroporto (pix),Viagem
Passeio turÃ­stico aeroporto,Viagem
Spotify,Assinaturas
Recebi salÃ¡rio ğŸ˜…,Renda
AÃ§ougue Bom PreÃ§o urgente,Mercado
Assinatura ChatGPT Plus,Assinaturas
RemÃ©dio antialÃ©rgico,SaÃºde
Plano de saÃºde Tim,SaÃºde
ESTACIONAMENTO CENTRO ğŸ˜…,Transporte
Conta de luz Copasa hoje,Moradia
"Bar Outback R$ 514,23",Lazer
Padaria da esquina,Mercado
Conta de luz ItaÃº,Moradia
ASSINATURA OFFICE 365 HOJE,Assinaturas
Show/ingresso hoje,Lazer
Fui no AssaÃ­ comprar comida,Mercado
"Dentista urgente R$ 333,84",SaÃºde
COMPRA DE SUPERMERCADO SUPERMERCADO LOCAL URGENTE,Mercado
"Ifood Restaurante japonÃªs ğŸ˜… R$ 10,02",Lazer
SERVIÃ‡O ICLOUD HOJE,Outros
RESTAURANTE OUTBACK,Lazer
"HOTEL EM CASA HOJE R$ 38,18",Viagem
"AÃ§ougue Central hoje R$ 490,21",Mercado
Spotify urgente,Assinaturas
ALUGUEL DE CARRO (PIX),Viagem
Uber para academia hoje,Transporte
"Sorvete Restaurante japonÃªs R$ 168,24",Lazer
"Compra na Central R$ 246,67",Outros
Padaria Bom PreÃ§o âœ…,Mercado
Hotel em aeroporto,Viagem
Curso InglÃªs,EducaÃ§Ã£o
"Passagem de Ã´nibus urgente R$ 185,23",Transporte
RemÃ©dio dipirona urgente,SaÃºde
Compra de livro estatÃ­stica hoje,EducaÃ§Ã£o
Material escolar,EducaÃ§Ã£o
"Recebi salÃ¡rio ğŸ˜… R$ 275,47",Renda
SHOW/INGRESSO HOJE,Lazer
Pagamento diverso,Outros
"Restaurante Restaurante japonÃªs âœ… R$ 153,76",Lazer
Cinema com amigos,Lazer
Material escolar âœ…,EducaÃ§Ã£o
ASSINATURA GOOGLE ONE ğŸ˜…,Assinaturas
Passagem aÃ©rea Gol âœ…,Viagem
Passagem aÃ©rea Azul âœ…,Viagem
Mensalidade faculdade âœ…,EducaÃ§Ã£o
Recebi salÃ¡rio,Renda
Compra no Carrefour (pix),Mercado
Cinema com amigos urgente,Lazer
Plano de saÃºde Vivo ğŸ˜…,SaÃºde
"Compra de livro estatÃ­stica R$ 121,58",EducaÃ§Ã£o
"GASOLINA NO IPIRANGA URGENTE R$ 365,25",Transporte
GÃS DE COZINHA ğŸ˜…,Moradia
Internet ItaÃº,Moradia
Show/ingresso urgente,Lazer
"Recebi salÃ¡rio R$ 489,74",Renda
Recebimento freelance {tipo},Renda
Hotel em casa urgente,Viagem
RemÃ©dio vitamina C (pix),SaÃºde
"ServiÃ§o Google One R$ 480,57",Outros
"BÃ´nus do trabalho urgente R$ 562,05",Renda
Exame de sangue âœ…,SaÃºde
Amazon Prime urgente,Assinaturas
99 para trabalho,Transporte
"Seguro viagem R$ 266,05",Viagem
Recebimento freelance {tipo},Renda
Conta de luz Enel,Moradia
Udemy Power BI urgente,EducaÃ§Ã£o
PRESENTE PARA MÃƒE âœ…,Outros
Netflix âœ…,Assinaturas
CondomÃ­nio do apartamento (pix),Moradia
PAGAMENTO UNIMED URGENTE,Renda
Presente para JoÃ£o ğŸ˜…,Outros
"UDEMY INGLÃŠS URGENTE R$ 538,06",EducaÃ§Ã£o
Spotify âœ…,Assinaturas
Alura,EducaÃ§Ã£o
YouTube Premium,Assinaturas
"Plano de saÃºde Unimed hoje R$ 90,58",SaÃºde
CondomÃ­nio do apartamento âœ…,Moradia
PedÃ¡gio casa,Transporte
ServiÃ§o ChatGPT Plus âœ…,Outros
DENTISTA âœ…,SaÃºde
Compra de supermercado AtacadÃ£o âœ…,Mercado
"SPOTIFY HOJE R$ 96,24",Assinaturas
"DoaÃ§Ã£o R$ 358,72",Outros
ServiÃ§o iCloud,Outros
Udemy Python âœ…,EducaÃ§Ã£o
"Compra de livro machine learning R$ 214,79",EducaÃ§Ã£o
Compra de supermercado Supermercado local,Mercado
"Compra na da esquina ğŸ˜… R$ 387,79",Outros
Internet Tim urgente,Moradia
Hotel em academia,Viagem
"CondomÃ­nio do apartamento R$ 594,81",Moradia
Pix recebido do Maria ğŸ˜…,Renda
GÃ¡s de cozinha,Moradia
Pagamento ItaÃº,Renda
Hotel em academia (pix),Viagem
Internet Enel ğŸ˜…,Moradia
Passagem aÃ©rea Latam urgente,Viagem
Recebimento freelance {tipo} urgente,Renda
Restaurante Restaurante japonÃªs urgente,Lazer
Padaria Bom PreÃ§o urgente,Mercado
DoaÃ§Ã£o,Outros
Hotel em casa âœ…,Viagem
"Cinema com amigos R$ 518,81",Lazer
FarmÃ¡cia Droga Raia,SaÃºde
Presente para pai hoje,Outros
"Pix recebido do pai âœ… R$ 429,63",Renda
"COMPRA DE SUPERMERCADO CARREFOUR ğŸ˜… R$ 465,14",Mercado
Pagamento diverso,Outros
Plano de saÃºde Vivo (pix),SaÃºde
"DepÃ³sito de salÃ¡rio Vivo R$ 566,50",Renda
Udemy Python ğŸ˜…,EducaÃ§Ã£o
DENTISTA (PIX),SaÃºde
Seguro viagem,Viagem
Recebimento freelance {tipo} âœ…,Renda
Aluguel de carro,Viagem
Compra de livro finanÃ§as pessoais ğŸ˜…,EducaÃ§Ã£o
RenovaÃ§Ã£o iCloud,Assinaturas
PEDÃGIO CASA,Transporte
Material escolar,EducaÃ§Ã£o
BÃ”NUS DO TRABALHO HOJE,Renda
Udemy InglÃªs hoje,EducaÃ§Ã£o
Paguei aluguel,Moradia
RenovaÃ§Ã£o Office 365 hoje,Assinaturas
Hortifruti Popular âœ…,Mercado
Passagem aÃ©rea Gol ğŸ˜…,Viagem
Consulta mÃ©dica ğŸ˜…,SaÃºde
"YouTube Premium (pix) R$ 339,22",Assinaturas
Paguei aluguel hoje,Moradia
"FUI NO ATACADÃƒO COMPRAR COMIDA âœ… R$ 561,72",Mercado
Exame de sangue,SaÃºde
"Alura (pix) R$ 467,81",EducaÃ§Ã£o
"AÃ§ougue Popular R$ 441,97",Mercado
RenovaÃ§Ã£o iCloud,Assinaturas
"Cinema com amigos urgente R$ 125,51",Lazer
"SHOW/INGRESSO R$ 532,77",Lazer
Seguro viagem ğŸ˜…,Viagem
"Airbnb casa R$ 28,88",Viagem
CondomÃ­nio do apartamento,Moradia
Passagem aÃ©rea Gol âœ…,Viagem
Fui no Carrefour comprar comida,Mercado
AIRBNB AEROPORTO,Viagem
Seguro viagem (pix),Viagem
ManutenÃ§Ã£o moto ğŸ˜…,Outros
Uber para trabalho,Transporte
Spotify,Assinaturas
Alura,EducaÃ§Ã£o
AÃ§ougue Popular urgente,Mercado
Udemy InglÃªs hoje,EducaÃ§Ã£o
ManutenÃ§Ã£o carro âœ…,Outros
"GASOLINA NO ALE ğŸ˜… R$ 208,51",Transporte
Consulta mÃ©dica,SaÃºde
Padaria Popular,Mercado
"Compra de livro machine learning hoje R$ 145,70",EducaÃ§Ã£o
Pagamento diverso,Outros
Compra de supermercado Supermercado local âœ…,Mercado
Uber para casa (pix),Transporte
"Uber para aeroporto ğŸ˜… R$ 105,25",Transporte
"Restaurante Pizzaria urgente R$ 430,79",Lazer
RenovaÃ§Ã£o Google One ğŸ˜…,Assinaturas
ManutenÃ§Ã£o moto âœ…,Outros
Pix recebido do cliente,Renda
"DoaÃ§Ã£o R$ 204,28",Outros
YouTube Premium,Assinaturas
CondomÃ­nio do apartamento (pix),Moradia
Exame de sangue âœ…,SaÃºde
PRESENTE PARA MÃƒE,Outros
Netflix ğŸ˜…,Assinaturas
GÃ¡s de cozinha urgente,Moradia
"Recebi salÃ¡rio urgente R$ 187,12",Renda
Passeio turÃ­stico aeroporto urgente,Viagem
"AIRBNB TRABALHO âœ… R$ 288,56",Viagem
Udemy Python,EducaÃ§Ã£o
MATERIAL ESCOLAR HOJE,EducaÃ§Ã£o
DoaÃ§Ã£o urgente,Outros
COMPRA NO SUPERMERCADO LOCAL âœ…,Mercado
"DepÃ³sito de salÃ¡rio Copasa (pix) R$ 424,29",Renda
Curso Python,EducaÃ§Ã£o
"Compra no Carrefour R$ 22,23",Mercado
Padaria Central âœ…,Mercado
ASSINATURA CHATGPT PLUS âœ…,Assinaturas
Conta de Ã¡gua ItaÃº (pix),Moradia
Pagamento diverso,Outros
Padaria da esquina hoje,Mercado
Internet Tim ğŸ˜…,Moradia
Assinatura Office 365 ğŸ˜…,Assinaturas
Hortifruti Central ğŸ˜…,Mercado
Compra no AtacadÃ£o hoje,Mercado
Estacionamento trabalho,Transporte
ServiÃ§o iCloud (pix),Outros
"ManutenÃ§Ã£o computador R$ 532,78",Outros
Uber para centro hoje,Transporte
PASSAGEM DE Ã”NIBUS ğŸ˜…,Transporte
ManutenÃ§Ã£o moto (pix),Outros
Gasolina no BR,Transporte
Fui no Carrefour comprar comida ğŸ˜…,Mercado
"Amazon Prime R$ 333,35",Assinaturas
Estacionamento aeroporto âœ…,Transporte
Sorvete Burger King âœ…,Lazer
DepÃ³sito de salÃ¡rio Nubank hoje,Renda
"Bar Burger King R$ 196,69",Lazer
Presente para Maria urgente,Outros
"Mensalidade faculdade R$ 435,54",EducaÃ§Ã£o
SPOTIFY URGENTE,Assinaturas
"Udemy Machine Learning hoje R$ 176,79",EducaÃ§Ã£o
Aluguel de carro,Viagem
"Spotify urgente R$ 342,58",Assinaturas
Spotify âœ…,Assinaturas
BÃ´nus do trabalho ğŸ˜…,Renda
GÃ¡s de cozinha âœ…,Moradia
CINEMA COM AMIGOS (PIX),Lazer
Compra de supermercado Supermercado local,Mercado
"RenovaÃ§Ã£o iCloud R$ 163,84",Assinaturas
"ManutenÃ§Ã£o carro ğŸ˜… R$ 250,73",Outros
Passagem aÃ©rea Azul âœ…,Viagem
"Hotel em academia R$ 561,78",Viagem
Plano de saÃºde ItaÃº âœ…,SaÃºde
Passagem aÃ©rea Azul (pix),Viagem
UBER PARA TRABALHO,Transporte
"Seguro viagem R$ 101,07",Viagem
Bar Outback,Lazer
Cinema com amigos hoje,Lazer
Netflix hoje,Assinaturas
Cinema com amigos,Lazer
Mensalidade faculdade urgente,EducaÃ§Ã£o
Ifood Outback hoje,Lazer
"RECEBIMENTO FREELANCE {TIPO} URGENTE R$ 350,03",Renda
Recebimento freelance {tipo} hoje,Renda
PedÃ¡gio centro hoje,Transporte
REMÃ‰DIO VITAMINA C URGENTE,SaÃºde
Assinatura iCloud (pix),Assinaturas
Compra de livro machine learning,EducaÃ§Ã£o
Internet Copasa ğŸ˜…,Moradia
Pagamento Claro urgente,Renda
"AÃ‡OUGUE CENTRAL R$ 337,04",Mercado
Passagem aÃ©rea Latam âœ…,Viagem
"Conta de luz Vivo ğŸ˜… R$ 295,15",Moradia
Plano de saÃºde Enel,SaÃºde
"Compra no Carrefour ğŸ˜… R$ 586,44",Mercado
AÃ§ougue Bom PreÃ§o âœ…,Mercado
DENTISTA,SaÃºde
Pagamento diverso hoje,Outros
REMÃ‰DIO ANTIALÃ‰RGICO (PIX),SaÃºde
"Pagamento Copasa R$ 500,40",Renda
Padaria da esquina (pix),Mercado
PedÃ¡gio centro hoje,Transporte
"YouTube Premium R$ 482,96",Assinaturas
"Bar Restaurante japonÃªs âœ… R$ 72,14",Lazer
Presente para cliente (pix),Outros
RECEBI SALÃRIO âœ…,Renda
"Assinatura iCloud hoje R$ 571,85",Assinaturas
Alura,EducaÃ§Ã£o
"Presente para Maria R$ 107,12",Outros
Compra na Popular,Outros
"CONSULTA MÃ‰DICA âœ… R$ 25,06",SaÃºde
Estacionamento aeroporto urgente,Transporte
YouTube Premium,Assinaturas
"Padaria Bom PreÃ§o hoje R$ 263,81",Mercado
"Uber para trabalho R$ 263,28",Transporte
99 PARA TRABALHO ğŸ˜…,Transporte
"ServiÃ§o Office 365 R$ 218,33",Outros
Consulta mÃ©dica,SaÃºde
RenovaÃ§Ã£o Office 365,Assinaturas
ASSINATURA ICLOUD ğŸ˜…,Assinaturas
"SEGURO VIAGEM âœ… R$ 416,34",Viagem
"Recebi salÃ¡rio (pix) R$ 598,34",Renda
Netflix ğŸ˜…,Assinaturas
"Hortifruti Popular R$ 13,52",Mercado
Airbnb casa,Viagem
ServiÃ§o Office 365,Outros
ALURA,EducaÃ§Ã£o
GÃ¡s de cozinha hoje,Moradia
CondomÃ­nio do apartamento urgente,Moradia
Fui no Carrefour comprar comida ğŸ˜…,Mercado
Consulta mÃ©dica âœ…,SaÃºde
Internet Nubank urgente,Moradia
Plano de saÃºde Claro hoje,SaÃºde
"Pagamento diverso urgente R$ 174,32",Outros
MATERIAL ESCOLAR âœ…,EducaÃ§Ã£o
Pix recebido do Maria,Renda
HOTEL EM ACADEMIA,Viagem
Recebimento freelance {tipo} ğŸ˜…,Renda
"Padaria Bom PreÃ§o (pix) R$ 10,10",Mercado
Conta de Ã¡gua Nubank,Moradia
RemÃ©dio antialÃ©rgico,SaÃºde
ManutenÃ§Ã£o carro hoje,Outros
AÃ§ougue Bom PreÃ§o,Mercado
"99 para trabalho R$ 17,53",Transporte
"Spotify hoje R$ 593,98",Assinaturas
COMPRA NO PÃƒO DE AÃ‡ÃšCAR,Mercado
"Bar McDonald's R$ 187,66",Lazer
Uber para academia,Transporte
"Seguro viagem urgente R$ 454,71",Viagem
YouTube Premium ğŸ˜…,Assinaturas
Mensalidade faculdade urgente,EducaÃ§Ã£o
Fui no PÃ£o de AÃ§Ãºcar comprar comida (pix),Mercado
Seguro viagem ğŸ˜…,Viagem
"Bar Pizzaria R$ 284,28",Lazer
99 PARA AEROPORTO,Transporte
Fui no AssaÃ­ comprar comida (pix),Mercado
COMPRA DE LIVRO ESTATÃSTICA,EducaÃ§Ã£o
DoaÃ§Ã£o,Outros
ASSINATURA ICLOUD,Assinaturas
"PedÃ¡gio academia âœ… R$ 344,21",Transporte
BÃ´nus do trabalho ğŸ˜…,Renda
ASSINATURA OFFICE 365,Assinaturas
Spotify,Assinaturas
"Plano de saÃºde Copasa (pix) R$ 544,17",SaÃºde
RenovaÃ§Ã£o iCloud,Assinaturas
DepÃ³sito de salÃ¡rio Enel,Renda
"Spotify âœ… R$ 596,80",Assinaturas
YouTube Premium,Assinaturas
CINEMA COM AMIGOS,Lazer
PASSAGEM DE Ã”NIBUS (PIX),Transporte
Plano de saÃºde Vivo,SaÃºde
Conta de Ã¡gua Copasa ğŸ˜…,Moradia
"GÃ¡s de cozinha hoje R$ 173,37",Moradia
"Sorvete Burger King ğŸ˜… R$ 114,71",Lazer
Hortifruti Bom PreÃ§o,Mercado
Gasolina no Shell âœ…,Transporte
MANUTENÃ‡ÃƒO MOTO âœ…,Outros
Amazon Prime (pix),Assinaturas
Compra no Carrefour ğŸ˜…,Mercado
Conta de luz Claro urgente,Moradia
Mensalidade faculdade,EducaÃ§Ã£o
"BÃ´nus do trabalho urgente R$ 426,96",Renda
Ifood Burger King urgente,Lazer
"Material escolar R$ 325,93",EducaÃ§Ã£o
Cinema com amigos âœ…,Lazer
Conta de Ã¡gua Enel,Moradia
Mensalidade faculdade urgente,EducaÃ§Ã£o
Spotify ğŸ˜…,Assinaturas
Show/ingresso,Lazer
"GÃ¡s de cozinha R$ 324,39",Moradia
"Aluguel de carro (pix) R$ 280,73",Viagem
BÃ´nus do trabalho urgente,Renda
Material escolar,EducaÃ§Ã£o
PedÃ¡gio centro,Transporte
Mensalidade faculdade,EducaÃ§Ã£o
YouTube Premium (pix),Assinaturas
Material escolar âœ…,EducaÃ§Ã£o
Paguei aluguel hoje,Moradia
Uber para aeroporto hoje,Transporte
Cinema com amigos,Lazer
FarmÃ¡cia Panvel ğŸ˜…,SaÃºde
Compra na Central,Outros
CondomÃ­nio do apartamento ğŸ˜…,Moradia
SORVETE RESTAURANTE JAPONÃŠS URGENTE,Lazer
Recebimento freelance {tipo} (pix),Renda
"YouTube Premium urgente R$ 115,73",Assinaturas
"ESTACIONAMENTO ACADEMIA âœ… R$ 377,37",Transporte
Bar Pizzaria (pix),Lazer
Gasolina no Ale,Transporte
"Compra na da esquina R$ 483,04",Outros
"Recebimento freelance {tipo} urgente R$ 575,17",Renda
BÃ´nus do trabalho (pix),Renda
Hortifruti Bom PreÃ§o ğŸ˜…,Mercado
Restaurante McDonald's ğŸ˜…,Lazer
Pagamento diverso,Outros
Assinatura Office 365 (pix),Assinaturas
"COMPRA NA POPULAR R$ 118,43",Outros
ServiÃ§o Office 365 (pix),Outros
"Conta de luz Nubank R$ 536,30",Moradia
Exame de sangue hoje,SaÃºde
Hortifruti Popular âœ…,Mercado
AÃ§ougue Central,Mercado
"Conta de luz Copasa R$ 332,20",Moradia
Amazon Prime âœ…,Assinaturas
SHOW/INGRESSO âœ…,Lazer
Hortifruti Bom PreÃ§o (pix),Mercado
"Hortifruti da esquina R$ 217,22",Mercado
Conta de Ã¡gua Enel urgente,Moradia
Estacionamento casa âœ…,Transporte
"INTERNET VIVO (PIX) R$ 205,32",Moradia
"Mensalidade faculdade R$ 11,61",EducaÃ§Ã£o
"99 para academia R$ 258,49",Transporte
Plano de saÃºde Claro urgente,SaÃºde
"PedÃ¡gio academia (pix) R$ 51,95",Transporte
"Passagem de Ã´nibus hoje R$ 481,33",Transporte
RenovaÃ§Ã£o Google One (pix),Assinaturas
99 para centro âœ…,Transporte
"FarmÃ¡cia Droga Raia âœ… R$ 490,53",SaÃºde
Estacionamento centro (pix),Transporte
Plano de saÃºde Vivo ğŸ˜…,SaÃºde
"DoaÃ§Ã£o R$ 57,84",Outros
Pix recebido do mÃ£e (pix),Renda
Ifood Burger King hoje,Lazer
RemÃ©dio dipirona urgente,SaÃºde
GÃ¡s de cozinha âœ…,Moradia
HORTIFRUTI CENTRAL,Mercado
Estacionamento academia (pix),Transporte
COMPRA NO PÃƒO DE AÃ‡ÃšCAR HOJE,Mercado
UDEMY INGLÃŠS ğŸ˜…,EducaÃ§Ã£o
PLANO DE SAÃšDE ITAÃš,SaÃºde
RemÃ©dio dipirona,SaÃºde
Compra na Central,Outros
"Presente para JoÃ£o urgente R$ 372,96",Outros
AÃ§ougue Bom PreÃ§o ğŸ˜…,Mercado
Ifood Pizzaria urgente,Lazer
Spotify (pix),Assinaturas
Alura âœ…,EducaÃ§Ã£o
Netflix hoje,Assinaturas
"Show/ingresso R$ 255,46",Lazer
Passeio turÃ­stico academia ğŸ˜…,Viagem
"Compra no AtacadÃ£o hoje R$ 474,74",Mercado
"FarmÃ¡cia Panvel âœ… R$ 173,06",SaÃºde
HOTEL EM CENTRO,Viagem
Udemy Power BI,EducaÃ§Ã£o
"Compra de supermercado AssaÃ­ R$ 204,65",Mercado
"Bar Outback âœ… R$ 275,19",Lazer
COMPRA DE SUPERMERCADO CARREFOUR HOJE,Mercado
"Bar Restaurante japonÃªs hoje R$ 401,72",Lazer
"Pagamento Tim ğŸ˜… R$ 378,40",Renda
SEGURO VIAGEM âœ…,Viagem
Hortifruti da esquina âœ…,Mercado
Padaria Central urgente,Mercado
Hortifruti Central urgente,Mercado
Pix recebido do Maria urgente,Renda
Hotel em casa (pix),Viagem
Recebimento freelance {tipo},Renda
99 para centro ğŸ˜…,Transporte
RenovaÃ§Ã£o iCloud hoje,Assinaturas
Pagamento diverso,Outros
Dentista hoje,SaÃºde
Alura urgente,EducaÃ§Ã£o
COMPRA NA BOM PREÃ‡O,Outros
DepÃ³sito de salÃ¡rio Copasa hoje,Renda
RenovaÃ§Ã£o Google One (pix),Assinaturas
Conta de Ã¡gua Nubank,Moradia
RenovaÃ§Ã£o Google One urgente,Assinaturas
"Pagamento diverso R$ 247,69",Outros
Gasolina no Ale ğŸ˜…,Transporte
Dentista,SaÃºde
Conta de Ã¡gua Copasa (pix),Moradia
Pagamento diverso,Outros
"Passeio turÃ­stico centro R$ 208,84",Viagem
RenovaÃ§Ã£o ChatGPT Plus hoje,Assinaturas
AÃ§ougue da esquina,Mercado
GÃ¡s de cozinha âœ…,Moradia
Padaria Bom PreÃ§o,Mercado
Mensalidade faculdade,EducaÃ§Ã£o
Passagem de Ã´nibus,Transporte
YouTube Premium,Assinaturas
Pagamento diverso hoje,Outros
"Paguei aluguel urgente R$ 143,88",Moradia
Pagamento Nubank âœ…,Renda
Internet Copasa hoje,Moradia
Amazon Prime (pix),Assinaturas
ServiÃ§o iCloud,Outros
Amazon Prime hoje,Assinaturas
Bar McDonald's urgente,Lazer
SERVIÃ‡O GOOGLE ONE URGENTE,Outros
"Exame de sangue R$ 295,63",SaÃºde
Passeio turÃ­stico academia,Viagem
Conta de Ã¡gua Enel hoje,Moradia
Alura ğŸ˜…,EducaÃ§Ã£o
Hotel em academia (pix),Viagem
"Padaria da esquina ğŸ˜… R$ 106,35",Mercado
Compra de supermercado Supermercado local ğŸ˜…,Mercado
COMPRA NA POPULAR,Outros
Spotify urgente,Assinaturas
COMPRA NO ATACADÃƒO âœ…,Mercado
Gasolina no Ale âœ…,Transporte
"Recebimento freelance {tipo} R$ 160,50",Renda
Cinema com amigos urgente,Lazer
Mensalidade faculdade,EducaÃ§Ã£o
Pix recebido do Maria,Renda
"AÃ§ougue Bom PreÃ§o âœ… R$ 170,80",Mercado
"RESTAURANTE PIZZARIA HOJE R$ 78,84",Lazer
Hortifruti Bom PreÃ§o ğŸ˜…,Mercado
"RemÃ©dio antialÃ©rgico hoje R$ 411,24",SaÃºde
"RemÃ©dio ibuprofeno R$ 404,08",SaÃºde
Paguei aluguel urgente,Moradia
RENOVAÃ‡ÃƒO OFFICE 365 âœ…,Assinaturas
CondomÃ­nio do apartamento (pix),Moradia
Sorvete Restaurante japonÃªs hoje,Lazer
CURSO PYTHON âœ…,EducaÃ§Ã£o
Presente para Maria ğŸ˜…,Outros
Compra no PÃ£o de AÃ§Ãºcar hoje,Mercado
ManutenÃ§Ã£o celular âœ…,Outros
"RECEBI SALÃRIO URGENTE R$ 462,90",Renda
Paguei aluguel urgente,Moradia
"Pagamento Vivo R$ 99,93",Renda
SERVIÃ‡O OFFICE 365 HOJE,Outros
"Conta de luz Copasa âœ… R$ 229,96",Moradia
Padaria da esquina,Mercado
Paguei aluguel ğŸ˜…,Moradia
"Gasolina no Ipiranga urgente R$ 239,62",Transporte
Bar McDonald's urgente,Lazer
UDEMY POWER BI (PIX),EducaÃ§Ã£o
DepÃ³sito de salÃ¡rio Copasa,Renda
Conta de Ã¡gua Nubank,Moradia
GÃ¡s de cozinha hoje,Moradia
"Cinema com amigos hoje R$ 44,27",Lazer
"CONTA DE LUZ COPASA URGENTE R$ 398,91",Moradia
"Internet Vivo R$ 232,59",Moradia
"Compra de supermercado Carrefour R$ 292,44",Mercado
Internet Nubank hoje,Moradia
Seguro viagem,Viagem
Pagamento diverso urgente,Outros
Pix recebido do pai (pix),Renda
Conta de luz Tim,Moradia
"PedÃ¡gio centro hoje R$ 526,41",Transporte
PAGAMENTO VIVO URGENTE,Renda
"Aluguel de carro (pix) R$ 199,75",Viagem
Gasolina no Shell,Transporte
99 para centro âœ…,Transporte
99 para trabalho,Transporte
"DoaÃ§Ã£o âœ… R$ 188,19",Outros
99 para centro,Transporte
PedÃ¡gio aeroporto hoje,Transporte
"Pix recebido do mÃ£e R$ 80,87",Renda
FarmÃ¡cia Pague Menos hoje,SaÃºde
"Internet Nubank (pix) R$ 433,09",Moradia
"Netflix R$ 292,39",Assinaturas
"Compra no Supermercado local R$ 374,34",Mercado
Paguei aluguel,Moradia
Material escolar ğŸ˜…,EducaÃ§Ã£o
Passeio turÃ­stico aeroporto,Viagem
Aluguel de carro,Viagem
"SEGURO VIAGEM R$ 137,03",Viagem
Estacionamento casa âœ…,Transporte
Assinatura Office 365,Assinaturas
"Recebi salÃ¡rio (pix) R$ 564,27",Renda
FarmÃ¡cia Pague Menos hoje,SaÃºde
Hortifruti da esquina,Mercado
Ifood McDonald's,Lazer
Hortifruti Central âœ…,Mercado
"Hotel em academia urgente R$ 212,23",Viagem
Exame de sangue ğŸ˜…,SaÃºde
Conta de luz Claro âœ…,Moradia
99 para academia urgente,Transporte
PedÃ¡gio trabalho âœ…,Transporte
"Recebimento freelance {tipo} R$ 253,37",Renda
Passagem aÃ©rea Gol,Viagem
BAR BURGER KING,Lazer
Exame de sangue urgente,SaÃºde
Restaurante Outback ğŸ˜…,Lazer
"Airbnb academia R$ 345,78",Viagem
RenovaÃ§Ã£o ChatGPT Plus,Assinaturas
Fui no Supermercado local comprar comida hoje,Mercado
CONSULTA MÃ‰DICA,SaÃºde
Consulta mÃ©dica,SaÃºde
Passeio turÃ­stico centro ğŸ˜…,Viagem
SERVIÃ‡O GOOGLE ONE URGENTE,Outros
Netflix ğŸ˜…,Assinaturas
Udemy Power BI (pix),EducaÃ§Ã£o
Ifood McDonald's âœ…,Lazer
Compra no Supermercado local,Mercado
Seguro viagem,Viagem
"Hotel em aeroporto (pix) R$ 589,19",Viagem
PASSAGEM AÃ‰REA GOL,Viagem
Fui no AssaÃ­ comprar comida (pix),Mercado
"BÃ´nus do trabalho urgente R$ 135,90",Renda
ServiÃ§o Google One (pix),Outros
Seguro viagem (pix),Viagem
"Recebi salÃ¡rio urgente R$ 481,88",Renda
Airbnb centro âœ…,Viagem
FarmÃ¡cia Droga Raia,SaÃºde
Passagem aÃ©rea Azul,Viagem
AÃ‡OUGUE BOM PREÃ‡O (PIX),Mercado
"Pix recebido do mÃ£e âœ… R$ 441,77",Renda
Udemy Power BI,EducaÃ§Ã£o
Show/ingresso,Lazer
Conta de Ã¡gua ItaÃº hoje,Moradia
"Compra de livro estatÃ­stica R$ 508,62",EducaÃ§Ã£o
GÃS DE COZINHA (PIX),Moradia
"Hotel em academia (pix) R$ 407,00",Viagem
"Compra na Popular ğŸ˜… R$ 24,37",Outros
Compra de supermercado PÃ£o de AÃ§Ãºcar,Mercado
"PIX RECEBIDO DO CLIENTE ğŸ˜… R$ 349,68",Renda
Aluguel de carro urgente,Viagem
Amazon Prime urgente,Assinaturas
"COMPRA NA BOM PREÃ‡O R$ 560,52",Outros
Bar Restaurante japonÃªs urgente,Lazer
Udemy Power BI,EducaÃ§Ã£o
Show/ingresso âœ…,Lazer
"ALUGUEL DE CARRO R$ 117,67",Viagem
"Gasolina no Ipiranga hoje R$ 510,16",Transporte
PIX RECEBIDO DO MÃƒE,Renda
Bar Burger King (pix),Lazer
"CINEMA COM AMIGOS R$ 99,38",Lazer
Presente para Maria âœ…,Outros
Hortifruti da esquina (pix),Mercado
DoaÃ§Ã£o âœ…,Outros
NETFLIX,Assinaturas
AÃ‡OUGUE POPULAR URGENTE,Mercado
Assinatura iCloud ğŸ˜…,Assinaturas
RECEBI SALÃRIO HOJE,Renda
Show/ingresso ğŸ˜…,Lazer
GÃ¡s de cozinha ğŸ˜…,Moradia
Compra no AssaÃ­ (pix),Mercado
EXAME DE SANGUE,SaÃºde
Assinatura iCloud (pix),Assinaturas
PASSAGEM AÃ‰REA LATAM HOJE,Viagem
Internet ItaÃº (pix),Moradia
"YouTube Premium R$ 169,11",Assinaturas
Passeio turÃ­stico academia hoje,Viagem
"DoaÃ§Ã£o (pix) R$ 342,96",Outros
SPOTIFY âœ…,Assinaturas
Internet Claro (pix),Moradia
Ifood Outback ğŸ˜…,Lazer
GASOLINA NO BR,Transporte
Hortifruti Central âœ…,Mercado
"ALURA ğŸ˜… R$ 376,25",EducaÃ§Ã£o
Netflix (pix),Assinaturas
DepÃ³sito de salÃ¡rio Copasa,Renda
Amazon Prime urgente,Assinaturas
"Aluguel de carro âœ… R$ 475,02",Viagem
RenovaÃ§Ã£o iCloud (pix),Assinaturas
YouTube Premium ğŸ˜…,Assinaturas
Passagem de Ã´nibus,Transporte
DEPÃ“SITO DE SALÃRIO ENEL (PIX),Renda
Passeio turÃ­stico centro urgente,Viagem
Pagamento diverso hoje,Outros
Compra de supermercado PÃ£o de AÃ§Ãºcar urgente,Mercado
Restaurante McDonald's (pix),Lazer
"CONTA DE LUZ CLARO R$ 300,13",Moradia
Hotel em casa âœ…,Viagem
Fui no Supermercado local comprar comida ğŸ˜…,Mercado
Aluguel de carro ğŸ˜…,Viagem
Compra na Central,Outros
Gasolina no Ale,Transporte
Seguro viagem (pix),Viagem
"Pagamento diverso âœ… R$ 146,73",Outros
AÃ§ougue Bom PreÃ§o urgente,Mercado
99 para academia (pix),Transporte
Aluguel de carro hoje,Viagem
Compra de supermercado Supermercado local,Mercado
AÃ§ougue Bom PreÃ§o,Mercado
GÃS DE COZINHA HOJE,Moradia
"Pix recebido do cliente urgente R$ 567,70",Renda
Amazon Prime,Assinaturas
Passagem aÃ©rea Latam (pix),Viagem
Restaurante Outback,Lazer
Paguei aluguel hoje,Moradia
ALURA URGENTE,EducaÃ§Ã£o
Compra de livro estatÃ­stica âœ…,EducaÃ§Ã£o
Consulta mÃ©dica âœ…,SaÃºde
"Compra na Bom PreÃ§o (pix) R$ 428,21",Outros
Amazon Prime,Assinaturas
Passagem aÃ©rea Latam âœ…,Viagem
RemÃ©dio vitamina C (pix),SaÃºde
"YouTube Premium ğŸ˜… R$ 132,52",Assinaturas
Passeio turÃ­stico aeroporto hoje,Viagem
Compra de supermercado PÃ£o de AÃ§Ãºcar,Mercado
Paguei aluguel,Moradia
Exame de sangue,SaÃºde
Sorvete Burger King,Lazer
"Paguei aluguel urgente R$ 215,56",Moradia
HOTEL EM AEROPORTO,Viagem
Cinema com amigos,Lazer
Conta de Ã¡gua Copasa ğŸ˜…,Moradia
"Padaria Popular (pix) R$ 148,71",Mercado
Recebi salÃ¡rio,Renda
Ifood McDonald's,Lazer
ALUGUEL DE CARRO,Viagem
Consulta mÃ©dica,SaÃºde
DOAÃ‡ÃƒO âœ…,Outros
Fui no Supermercado local comprar comida hoje,Mercado
FARMÃCIA DROGASIL,SaÃºde
GÃ¡s de cozinha ğŸ˜…,Moradia
Consulta mÃ©dica,SaÃºde
Compra de livro finanÃ§as pessoais urgente,EducaÃ§Ã£o
Pagamento diverso hoje,Outros
Consulta mÃ©dica urgente,SaÃºde
Sorvete Outback,Lazer
Internet ItaÃº hoje,Moradia
PADARIA CENTRAL,Mercado
Curso Machine Learning,EducaÃ§Ã£o
Seguro viagem hoje,Viagem
AÃ§ougue da esquina (pix),Mercado
Show/ingresso ğŸ˜…,Lazer
"Alura urgente R$ 87,34",EducaÃ§Ã£o
Hortifruti Popular ğŸ˜…,Mercado
"Amazon Prime urgente R$ 502,26",Assinaturas
Exame de sangue âœ…,SaÃºde
PASSAGEM AÃ‰REA LATAM URGENTE,Viagem
Restaurante McDonald's âœ…,Lazer
Estacionamento aeroporto âœ…,Transporte
DoaÃ§Ã£o ğŸ˜…,Outros
"Pagamento diverso (pix) R$ 154,74",Outros
"Cinema com amigos âœ… R$ 409,48",Lazer
Compra de supermercado AtacadÃ£o (pix),Mercado
AIRBNB AEROPORTO âœ…,Viagem
AÃ§ougue da esquina ğŸ˜…,Mercado
99 para academia,Transporte
Paguei aluguel,Moradia
BÃ´nus do trabalho,Renda
Estacionamento casa,Transporte
Compra na Bom PreÃ§o âœ…,Outros
RemÃ©dio vitamina C,SaÃºde
BÃ´nus do trabalho ğŸ˜…,Renda
PedÃ¡gio trabalho ğŸ˜…,Transporte
DepÃ³sito de salÃ¡rio Unimed,Renda
"Amazon Prime R$ 531,10",Assinaturas
ServiÃ§o ChatGPT Plus,Outros
"Recebi salÃ¡rio R$ 394,89",Renda
"DoaÃ§Ã£o R$ 396,56",Outros
Hotel em centro ğŸ˜…,Viagem
Udemy Power BI ğŸ˜…,EducaÃ§Ã£o
Mensalidade faculdade urgente,EducaÃ§Ã£o
Plano de saÃºde Enel (pix),SaÃºde
Paguei aluguel âœ…,Moradia
"Udemy InglÃªs R$ 205,33",EducaÃ§Ã£o
Paguei aluguel ğŸ˜…,Moradia
Netflix,Assinaturas
PedÃ¡gio centro,Transporte
"Passagem de Ã´nibus R$ 304,90",Transporte
"Pix recebido do Maria ğŸ˜… R$ 81,85",Renda
"RenovaÃ§Ã£o Google One (pix) R$ 508,17",Assinaturas
"Sorvete Pizzaria (pix) R$ 265,51",Lazer
Recebimento freelance {tipo},Renda
Passagem de Ã´nibus hoje,Transporte
AMAZON PRIME,Assinaturas
ServiÃ§o ChatGPT Plus urgente,Outros
Restaurante Burger King âœ…,Lazer
Seguro viagem,Viagem
"HOTEL EM TRABALHO ğŸ˜… R$ 597,04",Viagem
Pix recebido do pai,Renda
Netflix ğŸ˜…,Assinaturas
"CondomÃ­nio do apartamento (pix) R$ 202,61",Moradia
Gasolina no Shell ğŸ˜…,Transporte
RemÃ©dio dipirona hoje,SaÃºde
Consulta mÃ©dica hoje,SaÃºde
Consulta mÃ©dica,SaÃºde
Presente para JoÃ£o,Outros
Presente para mÃ£e urgente,Outros
Gasolina no Shell (pix),Transporte
Presente para pai urgente,Outros
Hotel em academia,Viagem
Show/ingresso ğŸ˜…,Lazer
Bar Pizzaria,Lazer
Curso Python hoje,EducaÃ§Ã£o
Curso InglÃªs (pix),EducaÃ§Ã£o
UDEMY PYTHON,EducaÃ§Ã£o
"Bar Outback (pix) R$ 281,36",Lazer
PedÃ¡gio trabalho,Transporte
YouTube Premium urgente,Assinaturas
Compra de supermercado PÃ£o de AÃ§Ãºcar ğŸ˜…,Mercado
INTERNET ITAÃš HOJE,Moradia
PedÃ¡gio casa,Transporte
Internet ItaÃº urgente,Moradia
AÃ§ougue Central,Mercado
AÃ§ougue Central (pix),Mercado
Compra de livro estatÃ­stica (pix),EducaÃ§Ã£o
FarmÃ¡cia Panvel urgente,SaÃºde
Assinatura Office 365 hoje,Assinaturas
BÃ”NUS DO TRABALHO,Renda
GÃ¡s de cozinha hoje,Moradia
Compra de livro estatÃ­stica,EducaÃ§Ã£o
Compra no AssaÃ­,Mercado
Restaurante Outback hoje,Lazer
Passagem de Ã´nibus,Transporte
Padaria da esquina hoje,Mercado
"Padaria Bom PreÃ§o hoje R$ 21,05",Mercado
Fui no AssaÃ­ comprar comida,Mercado
"Conta de Ã¡gua Unimed urgente R$ 524,95",Moradia
Assinatura Google One,Assinaturas
PIX RECEBIDO DO MARIA,Renda
Spotify urgente,Assinaturas
"HORTIFRUTI BOM PREÃ‡O HOJE R$ 591,68",Mercado
Cinema com amigos âœ…,Lazer
Cinema com amigos,Lazer
"Plano de saÃºde Tim ğŸ˜… R$ 122,46",SaÃºde
"Restaurante Burger King R$ 146,05",Lazer
Compra na Popular âœ…,Outros
HORTIFRUTI CENTRAL,Mercado
AÃ§ougue da esquina (pix),Mercado
ServiÃ§o ChatGPT Plus,Outros
"Seguro viagem R$ 171,22",Viagem
"Padaria da esquina ğŸ˜… R$ 65,08",Mercado
Estacionamento centro ğŸ˜…,Transporte
Presente para Maria (pix),Outros
Recebimento freelance {tipo} ğŸ˜…,Renda
Conta de luz Copasa ğŸ˜…,Moradia
"Passeio turÃ­stico academia ğŸ˜… R$ 462,23",Viagem
"Passagem de Ã´nibus R$ 162,81",Transporte
Aluguel de carro,Viagem
CURSO INGLÃŠS (PIX),EducaÃ§Ã£o
Hortifruti Bom PreÃ§o (pix),Mercado
Spotify,Assinaturas
"Pagamento Vivo urgente R$ 276,44",Renda
"Uber para academia hoje R$ 141,46",Transporte
"FarmÃ¡cia Droga Raia ğŸ˜… R$ 68,97",SaÃºde
SEGURO VIAGEM,Viagem
Seguro viagem,Viagem
Recebimento freelance {tipo} ğŸ˜…,Renda
INTERNET UNIMED âœ…,Moradia
"Restaurante McDonald's ğŸ˜… R$ 143,94",Lazer
Internet Tim,Moradia
Aluguel de carro,Viagem
"Gasolina no BR R$ 140,11",Transporte
Passeio turÃ­stico trabalho ğŸ˜…,Viagem
"FUI NO ATACADÃƒO COMPRAR COMIDA HOJE R$ 437,35",Mercado
RemÃ©dio dipirona,SaÃºde
PAGUEI ALUGUEL,Moradia
Conta de luz Claro,Moradia
"Curso Machine Learning (pix) R$ 523,16",EducaÃ§Ã£o
"CondomÃ­nio do apartamento âœ… R$ 139,00",Moradia
"ASSINATURA OFFICE 365 R$ 254,31",Assinaturas
"PAGAMENTO ENEL (PIX) R$ 17,39",Renda
Conta de luz Vivo hoje,Moradia
Padaria Popular ğŸ˜…,Mercado
RemÃ©dio dipirona,SaÃºde
Seguro viagem âœ…,Viagem
CINEMA COM AMIGOS âœ…,Lazer
EXAME DE SANGUE,SaÃºde
Mensalidade faculdade âœ…,EducaÃ§Ã£o
Internet Copasa âœ…,Moradia
Restaurante Pizzaria,Lazer
RemÃ©dio dipirona,SaÃºde
Mensalidade faculdade ğŸ˜…,EducaÃ§Ã£o
ManutenÃ§Ã£o celular,Outros
Restaurante Burger King urgente,Lazer
AÃ§ougue Popular,Mercado
Plano de saÃºde Nubank urgente,SaÃºde
"PRESENTE PARA JOÃƒO URGENTE R$ 422,39",Outros
"ALUGUEL DE CARRO HOJE R$ 280,35",Viagem
Sorvete Pizzaria,Lazer
FarmÃ¡cia Panvel (pix),SaÃºde
"Compra de livro finanÃ§as pessoais urgente R$ 65,75",EducaÃ§Ã£o
FarmÃ¡cia Droga Raia ğŸ˜…,SaÃºde
Airbnb centro,Viagem
Compra de livro machine learning hoje,EducaÃ§Ã£o
RESTAURANTE PIZZARIA ğŸ˜…,Lazer
Seguro viagem urgente,Viagem
"Passagem de Ã´nibus (pix) R$ 439,80",Transporte
Cinema com amigos hoje,Lazer
Padaria Popular (pix),Mercado
YOUTUBE PREMIUM URGENTE,Assinaturas
ESTACIONAMENTO CENTRO,Transporte
BÃ´nus do trabalho,Renda
"RENOVAÃ‡ÃƒO GOOGLE ONE ğŸ˜… R$ 263,92",Assinaturas
"Recebi salÃ¡rio R$ 178,68",Renda
ManutenÃ§Ã£o carro hoje,Outros
"Plano de saÃºde Vivo R$ 440,53",SaÃºde
Exame de sangue,SaÃºde
Restaurante Pizzaria âœ…,Lazer
"Dentista ğŸ˜… R$ 341,92",SaÃºde
Passagem aÃ©rea Latam,Viagem
Pagamento diverso urgente,Outros
Dentista hoje,SaÃºde
"Internet Claro ğŸ˜… R$ 540,48",Moradia
Pagamento Claro urgente,Renda
"Alura R$ 465,10",EducaÃ§Ã£o
ServiÃ§o iCloud âœ…,Outros
COMPRA DE SUPERMERCADO PÃƒO DE AÃ‡ÃšCAR HOJE,Mercado
"NETFLIX R$ 346,30",Assinaturas
DENTISTA âœ…,SaÃºde
Cinema com amigos,Lazer
Hotel em aeroporto ğŸ˜…,Viagem
REMÃ‰DIO VITAMINA C URGENTE,SaÃºde
Compra no Carrefour hoje,Mercado
"Estacionamento trabalho R$ 534,43",Transporte
FarmÃ¡cia Panvel âœ…,SaÃºde
Assinatura ChatGPT Plus âœ…,Assinaturas
Spotify,Assinaturas
Hotel em aeroporto ğŸ˜…,Viagem
"GÃ¡s de cozinha ğŸ˜… R$ 100,62",Moradia
99 para casa,Transporte
ServiÃ§o Google One,Outros
"Plano de saÃºde Tim (pix) R$ 342,58",SaÃºde
COMPRA DE LIVRO FINANÃ‡AS PESSOAIS,EducaÃ§Ã£o
RenovaÃ§Ã£o ChatGPT Plus,Assinaturas
Pagamento Tim urgente,Renda
Aluguel de carro (pix),Viagem
Consulta mÃ©dica,SaÃºde
Internet Vivo,Moradia
"PEDÃGIO ACADEMIA ğŸ˜… R$ 504,36",Transporte
Material escolar,EducaÃ§Ã£o
SPOTIFY URGENTE,Assinaturas
"RenovaÃ§Ã£o iCloud âœ… R$ 354,63",Assinaturas
PAGUEI ALUGUEL,Moradia
PASSAGEM AÃ‰REA GOL,Viagem
Passagem de Ã´nibus,Transporte
"Gasolina no Ipiranga urgente R$ 345,80",Transporte
"HORTIFRUTI POPULAR HOJE R$ 199,49",Mercado
PAGAMENTO DIVERSO ğŸ˜…,Outros
ALURA URGENTE,EducaÃ§Ã£o
"Restaurante Burger King R$ 205,63",Lazer
Recebimento freelance {tipo} hoje,Renda
Conta de luz Unimed (pix),Moradia
RENOVAÃ‡ÃƒO GOOGLE ONE,Assinaturas
"Pix recebido do mÃ£e R$ 323,18",Renda
FarmÃ¡cia Pague Menos ğŸ˜…,SaÃºde
Spotify,Assinaturas
PedÃ¡gio trabalho (pix),Transporte
Bar McDonald's,Lazer
Bar Restaurante japonÃªs urgente,Lazer
"Assinatura iCloud (pix) R$ 189,96",Assinaturas
Plano de saÃºde Unimed,SaÃºde
"Compra de livro finanÃ§as pessoais urgente R$ 228,61",EducaÃ§Ã£o
DepÃ³sito de salÃ¡rio Tim hoje,Renda
Ifood Burger King urgente,Lazer
"RenovaÃ§Ã£o ChatGPT Plus ğŸ˜… R$ 487,16",Assinaturas
"Hotel em trabalho R$ 523,67",Viagem
"Exame de sangue (pix) R$ 106,27",SaÃºde
UDEMY MACHINE LEARNING âœ…,EducaÃ§Ã£o
GÃ¡s de cozinha ğŸ˜…,Moradia
Show/ingresso ğŸ˜…,Lazer
Airbnb casa (pix),Viagem
"AÃ§ougue Bom PreÃ§o R$ 174,27",Mercado
RemÃ©dio ibuprofeno âœ…,SaÃºde
Alura,EducaÃ§Ã£o
"Fui no Carrefour comprar comida R$ 479,56",Mercado
Curso InglÃªs urgente,EducaÃ§Ã£o
Recebi salÃ¡rio ğŸ˜…,Renda
"Conta de luz Vivo R$ 542,52",Moradia
GÃ¡s de cozinha ğŸ˜…,Moradia
"Presente para mÃ£e hoje R$ 104,86",Outros
"Bar Burger King (pix) R$ 138,96",Lazer
Cinema com amigos,Lazer
CondomÃ­nio do apartamento,Moradia
MATERIAL ESCOLAR HOJE,EducaÃ§Ã£o
Airbnb trabalho hoje,Viagem
"Pagamento Tim R$ 374,65",Renda
Conta de luz Vivo âœ…,Moradia
Bar Burger King urgente,Lazer
Spotify âœ…,Assinaturas
Conta de Ã¡gua Nubank hoje,Moradia
Hotel em trabalho,Viagem
PASSAGEM DE Ã”NIBUS HOJE,Transporte
DoaÃ§Ã£o âœ…,Outros
"Ifood Restaurante japonÃªs hoje R$ 138,60",Lazer
"PEDÃGIO CASA R$ 247,78",Transporte
Mensalidade faculdade,EducaÃ§Ã£o
Presente para Maria (pix),Outros
"Airbnb trabalho urgente R$ 510,11",Viagem
Dentista,SaÃºde
Curso Python hoje,EducaÃ§Ã£o
Udemy Machine Learning,EducaÃ§Ã£o
Paguei aluguel âœ…,Moradia
Restaurante Burger King âœ…,Lazer
"Conta de Ã¡gua Vivo R$ 443,32",Moradia
Compra de livro estatÃ­stica âœ…,EducaÃ§Ã£o
RenovaÃ§Ã£o Office 365 âœ…,Assinaturas
"Paguei aluguel (pix) R$ 407,22",Moradia
Recebimento freelance {tipo} urgente,Renda
Airbnb centro,Viagem
"Uber para academia hoje R$ 206,17",Transporte
DoaÃ§Ã£o urgente,Outros
Udemy InglÃªs ğŸ˜…,EducaÃ§Ã£o
Recebimento freelance {tipo},Renda
ESTACIONAMENTO CASA,Transporte
Compra no AtacadÃ£o âœ…,Mercado
Recebi salÃ¡rio (pix),Renda
Gasolina no Ale,Transporte
"Spotify (pix) R$ 377,47",Assinaturas
Paguei aluguel,Moradia
"Estacionamento casa R$ 401,61",Transporte
AÃ§ougue Bom PreÃ§o (pix),Mercado
BÃ´nus do trabalho ğŸ˜…,Renda
Recebi salÃ¡rio ğŸ˜…,Renda
"Hortifruti Popular R$ 197,58",Mercado
AÃ§ougue Central hoje,Mercado
Alura,EducaÃ§Ã£o
Cinema com amigos urgente,Lazer
Netflix,Assinaturas
Sorvete Pizzaria âœ…,Lazer
DoaÃ§Ã£o urgente,Outros
Dentista (pix),SaÃºde
FARMÃCIA DROGA RAIA URGENTE,SaÃºde
Assinatura Office 365,Assinaturas
Material escolar ğŸ˜…,EducaÃ§Ã£o
Seguro viagem hoje,Viagem
Material escolar,EducaÃ§Ã£o
Assinatura Google One hoje,Assinaturas
Alura ğŸ˜…,EducaÃ§Ã£o
Padaria Bom PreÃ§o,Mercado
"Hortifruti Popular urgente R$ 67,44",Mercado
"Amazon Prime urgente R$ 554,38",Assinaturas
"RemÃ©dio antialÃ©rgico ğŸ˜… R$ 536,90",SaÃºde
"99 para casa âœ… R$ 525,95",Transporte
ServiÃ§o ChatGPT Plus ğŸ˜…,Outros
Material escolar hoje,EducaÃ§Ã£o
FarmÃ¡cia Panvel urgente,SaÃºde
Pagamento Tim (pix),Renda
Compra na da esquina (pix),Outros
"Estacionamento academia R$ 297,26",Transporte
Pagamento diverso urgente,Outros
Pagamento Enel,Renda
Mensalidade faculdade urgente,EducaÃ§Ã£o
"EXAME DE SANGUE URGENTE R$ 33,87",SaÃºde
RenovaÃ§Ã£o Google One urgente,Assinaturas
"Mensalidade faculdade R$ 182,66",EducaÃ§Ã£o
"Ifood Outback hoje R$ 511,30",Lazer
"BÃ´nus do trabalho R$ 431,93",Renda
Pagamento diverso urgente,Outros
Estacionamento centro urgente,Transporte
"DoaÃ§Ã£o R$ 263,26",Outros
"Aluguel de carro âœ… R$ 555,32",Viagem
Ifood Outback ğŸ˜…,Lazer
SHOW/INGRESSO,Lazer
"GÃ¡s de cozinha ğŸ˜… R$ 401,77",Moradia
Gasolina no Shell ğŸ˜…,Transporte
Recebimento freelance {tipo} urgente,Renda
Ifood Pizzaria âœ…,Lazer
Seguro viagem,Viagem
"Compra de supermercado Carrefour (pix) R$ 32,31",Mercado
AÃ§ougue Bom PreÃ§o ğŸ˜…,Mercado
Material escolar hoje,EducaÃ§Ã£o
FarmÃ¡cia Drogasil,SaÃºde
Conta de luz ItaÃº âœ…,Moradia
Pix recebido do cliente,Renda
GÃS DE COZINHA,Moradia
99 para academia urgente,Transporte
"Curso InglÃªs ğŸ˜… R$ 169,61",EducaÃ§Ã£o
Recebimento freelance {tipo} hoje,Renda
Udemy InglÃªs urgente,EducaÃ§Ã£o
Cinema com amigos urgente,Lazer
AÃ§ougue Popular (pix),Mercado
"GÃS DE COZINHA (PIX) R$ 515,52",Moradia
Restaurante Outback,Lazer
Compra de livro machine learning hoje,EducaÃ§Ã£o
"Padaria Popular urgente R$ 433,92",Mercado
"Recebi salÃ¡rio R$ 251,18",Renda
"MENSALIDADE FACULDADE âœ… R$ 110,32",EducaÃ§Ã£o
Bar Pizzaria,Lazer
Gasolina no Shell,Transporte
PedÃ¡gio casa,Transporte
"IFOOD RESTAURANTE JAPONÃŠS R$ 205,63",Lazer
Recebi salÃ¡rio,Renda
AIRBNB CENTRO URGENTE,Viagem
Passagem aÃ©rea Latam,Viagem
"Show/ingresso (pix) R$ 455,51",Lazer
"Curso Python âœ… R$ 556,30",EducaÃ§Ã£o
Hotel em aeroporto,Viagem
Alura hoje,EducaÃ§Ã£o
Seguro viagem,Viagem
Pagamento diverso hoje,Outros
Cinema com amigos,Lazer
Netflix urgente,Assinaturas
ManutenÃ§Ã£o carro hoje,Outros
FarmÃ¡cia Panvel âœ…,SaÃºde
Pagamento diverso (pix),Outros
"DoaÃ§Ã£o R$ 23,07",Outros
"Material escolar urgente R$ 332,04",EducaÃ§Ã£o
Passagem aÃ©rea Latam hoje,Viagem
PedÃ¡gio casa urgente,Transporte
Hotel em academia,Viagem
Fui no PÃ£o de AÃ§Ãºcar comprar comida urgente,Mercado
"Passeio turÃ­stico trabalho R$ 586,22",Viagem
Presente para mÃ£e (pix),Outros
Exame de sangue,SaÃºde
Padaria Popular urgente,Mercado
Amazon Prime âœ…,Assinaturas
Passagem aÃ©rea Latam ğŸ˜…,Viagem
DepÃ³sito de salÃ¡rio Claro hoje,Renda
RENOVAÃ‡ÃƒO OFFICE 365 URGENTE,Assinaturas
"Estacionamento aeroporto (pix) R$ 38,82",Transporte
Passagem aÃ©rea Gol,Viagem
Padaria Bom PreÃ§o,Mercado
"Pagamento diverso R$ 200,33",Outros
Amazon Prime ğŸ˜…,Assinaturas
"Consulta mÃ©dica (pix) R$ 518,56",SaÃºde
"99 para aeroporto urgente R$ 466,01",Transporte
Conta de Ã¡gua Enel,Moradia
Gasolina no Ipiranga hoje,Transporte
"Compra no AtacadÃ£o R$ 539,48",Mercado
"Conta de luz Claro R$ 242,25",Moradia
Alura (pix),EducaÃ§Ã£o
"Passagem de Ã´nibus R$ 246,16",Transporte
"Passagem de Ã´nibus R$ 150,75",Transporte
Material escolar urgente,EducaÃ§Ã£o
PLANO DE SAÃšDE TIM,SaÃºde
Seguro viagem (pix),Viagem
"99 para trabalho hoje R$ 489,56",Transporte
Estacionamento casa âœ…,Transporte
Plano de saÃºde Nubank,SaÃºde
"RenovaÃ§Ã£o Office 365 âœ… R$ 542,66",Assinaturas
Restaurante Pizzaria âœ…,Lazer
Alura (pix),EducaÃ§Ã£o
"Cinema com amigos R$ 251,68",Lazer
RemÃ©dio ibuprofeno,SaÃºde
YouTube Premium,Assinaturas
AIRBNB CENTRO URGENTE,Viagem
Mensalidade faculdade urgente,EducaÃ§Ã£o
"BÃ´nus do trabalho urgente R$ 187,06",Renda
GASOLINA NO BR,Transporte
"Airbnb academia ğŸ˜… R$ 342,97",Viagem
"Consulta mÃ©dica urgente R$ 210,96",SaÃºde
"Show/ingresso urgente R$ 331,77",Lazer
Fui no Carrefour comprar comida (pix),Mercado
Cinema com amigos,Lazer
"Internet Enel R$ 391,63",Moradia
UBER PARA ACADEMIA ğŸ˜…,Transporte
Plano de saÃºde Tim,SaÃºde
"Gasolina no Ale R$ 510,85",Transporte
Cinema com amigos,Lazer
Aluguel de carro hoje,Viagem
Recebimento freelance {tipo} âœ…,Renda
Pagamento Copasa (pix),Renda
HOTEL EM ACADEMIA HOJE,Viagem
"Assinatura Office 365 urgente R$ 399,97",Assinaturas
Seguro viagem âœ…,Viagem
RenovaÃ§Ã£o Office 365,Assinaturas
FarmÃ¡cia Pague Menos,SaÃºde
"Recebi salÃ¡rio R$ 306,51",Renda
Internet Tim âœ…,Moradia
Show/ingresso,Lazer
Netflix,Assinaturas
Estacionamento centro,Transporte
Plano de saÃºde ItaÃº,SaÃºde
Pix recebido do mÃ£e ğŸ˜…,Renda
"Spotify hoje R$ 367,13",Assinaturas
MANUTENÃ‡ÃƒO CARRO âœ…,Outros
Presente para pai hoje,Outros
CONSULTA MÃ‰DICA,SaÃºde
Estacionamento casa (pix),Transporte
GÃ¡s de cozinha,Moradia
YouTube Premium,Assinaturas
"Exame de sangue R$ 72,92",SaÃºde
Recebi salÃ¡rio,Renda
"Uber para trabalho R$ 137,55",Transporte
Fui no PÃ£o de AÃ§Ãºcar comprar comida urgente,Mercado
PASSEIO TURÃSTICO CENTRO (PIX),Viagem
"RemÃ©dio dipirona hoje R$ 297,16",SaÃºde
Plano de saÃºde Copasa âœ…,SaÃºde
ServiÃ§o ChatGPT Plus,Outros
"BÃ´nus do trabalho ğŸ˜… R$ 384,83",Renda
PASSEIO TURÃSTICO CENTRO,Viagem
Recebimento freelance {tipo},Renda
RENOVAÃ‡ÃƒO OFFICE 365,Assinaturas
"Mensalidade faculdade âœ… R$ 556,95",EducaÃ§Ã£o
Restaurante Burger King ğŸ˜…,Lazer
Amazon Prime,Assinaturas
"RenovaÃ§Ã£o Office 365 R$ 478,91",Assinaturas
99 para aeroporto,Transporte
GÃ¡s de cozinha hoje,Moradia
"Conta de luz ItaÃº R$ 419,54",Moradia
DepÃ³sito de salÃ¡rio Unimed,Renda
REMÃ‰DIO IBUPROFENO URGENTE,SaÃºde
COMPRA NO CARREFOUR URGENTE,Mercado
Estacionamento academia,Transporte
"ServiÃ§o Office 365 hoje R$ 147,13",Outros
Udemy Machine Learning ğŸ˜…,EducaÃ§Ã£o
SERVIÃ‡O GOOGLE ONE URGENTE,Outros
Show/ingresso âœ…,Lazer
YouTube Premium (pix),Assinaturas
Conta de luz Nubank,Moradia
BÃ´nus do trabalho,Renda
FUI NO ATACADÃƒO COMPRAR COMIDA URGENTE,Mercado
Passagem de Ã´nibus ğŸ˜…,Transporte
"Spotify R$ 238,80",Assinaturas
COMPRA DE SUPERMERCADO ASSAÃ âœ…,Mercado
Netflix ğŸ˜…,Assinaturas
"ManutenÃ§Ã£o computador (pix) R$ 589,97",Outros
RemÃ©dio antialÃ©rgico,SaÃºde
Paguei aluguel,Moradia
Show/ingresso,Lazer
FUI NO ASSAÃ COMPRAR COMIDA,Mercado
Conta de luz Copasa âœ…,Moradia
"SERVIÃ‡O GOOGLE ONE (PIX) R$ 438,74",Outros
Presente para Maria,Outros
ServiÃ§o iCloud ğŸ˜…,Outros
Uber para aeroporto âœ…,Transporte
ServiÃ§o iCloud,Outros
Restaurante Pizzaria ğŸ˜…,Lazer
Show/ingresso hoje,Lazer
Passeio turÃ­stico trabalho âœ…,Viagem
Internet Tim urgente,Moradia
"Pagamento diverso hoje R$ 428,71",Outros
PIX RECEBIDO DO JOÃƒO (PIX),Renda
Hotel em trabalho,Viagem
"Mensalidade faculdade (pix) R$ 549,05",EducaÃ§Ã£o
"AÃ‡OUGUE BOM PREÃ‡O (PIX) R$ 87,21",Mercado
Uber para centro urgente,Transporte
GÃ¡s de cozinha,Moradia
RemÃ©dio antialÃ©rgico,SaÃºde
AÃ§ougue Popular urgente,Mercado
Fui no AtacadÃ£o comprar comida,Mercado
Pix recebido do pai âœ…,Renda
HOTEL EM CASA HOJE,Viagem
COMPRA NA DA ESQUINA,Outros
RECEBIMENTO FREELANCE {TIPO} âœ…,Renda
RenovaÃ§Ã£o Google One âœ…,Assinaturas
YouTube Premium âœ…,Assinaturas
Udemy Machine Learning,EducaÃ§Ã£o
DENTISTA ğŸ˜…,SaÃºde
"Airbnb aeroporto âœ… R$ 588,24",Viagem
"Seguro viagem R$ 577,38",Viagem
Passagem aÃ©rea Gol urgente,Viagem
Paguei aluguel,Moradia
RemÃ©dio antialÃ©rgico hoje,SaÃºde
Mensalidade faculdade ğŸ˜…,EducaÃ§Ã£o
Hortifruti Central ğŸ˜…,Mercado
"Udemy Python R$ 269,55",EducaÃ§Ã£o
Hotel em trabalho,Viagem
Exame de sangue hoje,SaÃºde
UBER PARA ACADEMIA,Transporte
"Netflix (pix) R$ 268,25",Assinaturas
Plano de saÃºde Unimed,SaÃºde
Airbnb trabalho âœ…,Viagem
"Airbnb casa hoje R$ 370,05",Viagem
YouTube Premium,Assinaturas
DoaÃ§Ã£o ğŸ˜…,Outros
Padaria Popular,Mercado
Fui no Supermercado local comprar comida,Mercado
Alura,EducaÃ§Ã£o
ManutenÃ§Ã£o carro,Outros
Cinema com amigos,Lazer
Plano de saÃºde Tim,SaÃºde
99 para casa âœ…,Transporte
Passagem de Ã´nibus (pix),Transporte
Netflix,Assinaturas
AÃ‡OUGUE CENTRAL,Mercado
Consulta mÃ©dica hoje,SaÃºde
Compra de supermercado Carrefour urgente,Mercado
"Airbnb aeroporto R$ 565,75",Viagem
Pix recebido do pai âœ…,Renda
Estacionamento casa urgente,Transporte
DepÃ³sito de salÃ¡rio Copasa hoje,Renda
AÃ‡OUGUE BOM PREÃ‡O ğŸ˜…,Mercado
"Compra na Central R$ 566,97",Outros
INTERNET ITAÃš (PIX),Moradia
PedÃ¡gio trabalho,Transporte
Fui no PÃ£o de AÃ§Ãºcar comprar comida ğŸ˜…,Mercado
Estacionamento casa,Transporte
"ServiÃ§o Google One R$ 62,66",Outros
RECEBIMENTO FREELANCE {TIPO} ğŸ˜…,Renda
AÃ§ougue da esquina (pix),Mercado
Conta de luz Nubank âœ…,Moradia
"Passeio turÃ­stico aeroporto R$ 507,57",Viagem
Udemy Machine Learning ğŸ˜…,EducaÃ§Ã£o
CondomÃ­nio do apartamento,Moradia
"Pix recebido do Maria (pix) R$ 165,78",Renda
Pix recebido do JoÃ£o,Renda
"GÃ¡s de cozinha (pix) R$ 550,32",Moradia
BÃ´nus do trabalho hoje,Renda
CONTA DE LUZ NUBANK,Moradia
"ServiÃ§o iCloud âœ… R$ 300,73",Outros
Hotel em trabalho âœ…,Viagem
Dentista hoje,SaÃºde
Fui no PÃ£o de AÃ§Ãºcar comprar comida,Mercado
FarmÃ¡cia Drogasil hoje,SaÃºde
Alura ğŸ˜…,EducaÃ§Ã£o
Dentista urgente,SaÃºde
Mensalidade faculdade,EducaÃ§Ã£o
Passagem aÃ©rea Gol ğŸ˜…,Viagem
CondomÃ­nio do apartamento urgente,Moradia
"PASSAGEM DE Ã”NIBUS HOJE R$ 443,59",Transporte
BÃ”NUS DO TRABALHO,Renda
Curso Python âœ…,EducaÃ§Ã£o
"Conta de luz Vivo ğŸ˜… R$ 398,03",Moradia
PedÃ¡gio aeroporto âœ…,Transporte
Conta de luz Vivo ğŸ˜…,Moradia
Alura hoje,EducaÃ§Ã£o
Presente para pai hoje,Outros
Conta de luz Unimed,Moradia
"DepÃ³sito de salÃ¡rio Unimed R$ 97,58",Renda
"Alura âœ… R$ 475,55",EducaÃ§Ã£o
Padaria Popular hoje,Mercado
"Exame de sangue ğŸ˜… R$ 346,79",SaÃºde
Pix recebido do Maria hoje,Renda
"Passagem aÃ©rea Gol hoje R$ 101,87",Viagem
Gasolina no Ipiranga ğŸ˜…,Transporte
Conta de Ã¡gua Tim ğŸ˜…,Moradia
"Pagamento Vivo R$ 135,45",Renda
Show/ingresso ğŸ˜…,Lazer
Conta de Ã¡gua Tim ğŸ˜…,Moradia
"BÃ´nus do trabalho (pix) R$ 374,05",Renda
Passagem de Ã´nibus (pix),Transporte
Alura (pix),EducaÃ§Ã£o
"Show/ingresso âœ… R$ 430,94",Lazer
Material escolar,EducaÃ§Ã£o
RenovaÃ§Ã£o ChatGPT Plus (pix),Assinaturas
"Alura R$ 211,62",EducaÃ§Ã£o
Uber para aeroporto ğŸ˜…,Transporte
Exame de sangue,SaÃºde
Aluguel de carro (pix),Viagem
Hotel em trabalho urgente,Viagem
AMAZON PRIME,Assinaturas
Compra de supermercado Supermercado local,Mercado
Paguei aluguel urgente,Moradia
Udemy Python ğŸ˜…,EducaÃ§Ã£o
Airbnb casa,Viagem
DoaÃ§Ã£o âœ…,Outros
CURSO INGLÃŠS,EducaÃ§Ã£o
Padaria Popular urgente,Mercado
Exame de sangue,SaÃºde
Consulta mÃ©dica hoje,SaÃºde
Udemy Python,EducaÃ§Ã£o
Conta de luz Tim,Moradia
"RenovaÃ§Ã£o iCloud R$ 542,03",Assinaturas
Conta de Ã¡gua Enel hoje,Moradia
Compra no PÃ£o de AÃ§Ãºcar,Mercado
RenovaÃ§Ã£o iCloud urgente,Assinaturas
Paguei aluguel,Moradia
"ManutenÃ§Ã£o moto R$ 315,17",Outros
Curso InglÃªs,EducaÃ§Ã£o
CONTA DE LUZ NUBANK URGENTE,Moradia
MATERIAL ESCOLAR ğŸ˜…,EducaÃ§Ã£o
Consulta mÃ©dica,SaÃºde
"Passeio turÃ­stico aeroporto âœ… R$ 567,77",Viagem
Recebimento freelance {tipo} (pix),Renda
"ManutenÃ§Ã£o carro R$ 64,31",Outros
Cinema com amigos hoje,Lazer
"Aluguel de carro (pix) R$ 244,45",Viagem
Netflix hoje,Assinaturas
"Recebimento freelance {tipo} (pix) R$ 193,70",Renda
Plano de saÃºde Vivo (pix),SaÃºde
"ManutenÃ§Ã£o carro R$ 21,38",Outros
RECEBI SALÃRIO ğŸ˜…,Renda
Sorvete Restaurante japonÃªs ğŸ˜…,Lazer
ServiÃ§o iCloud (pix),Outros
PIX RECEBIDO DO JOÃƒO,Renda
GÃ¡s de cozinha urgente,Moradia
"Passagem de Ã´nibus urgente R$ 540,27",Transporte
NETFLIX,Assinaturas
Consulta mÃ©dica,SaÃºde
BÃ´nus do trabalho,Renda
Plano de saÃºde Tim âœ…,SaÃºde
"Passeio turÃ­stico academia R$ 525,83",Viagem
"ManutenÃ§Ã£o moto R$ 293,34",Outros
Airbnb centro (pix),Viagem
"Amazon Prime R$ 457,25",Assinaturas
Padaria Popular,Mercado
"Passagem aÃ©rea Azul âœ… R$ 282,66",Viagem
Compra na Central hoje,Outros
Internet Tim ğŸ˜…,Moradia
Compra de livro machine learning hoje,EducaÃ§Ã£o
Airbnb casa,Viagem
DoaÃ§Ã£o,Outros
Amazon Prime,Assinaturas
Padaria Bom PreÃ§o âœ…,Mercado
CondomÃ­nio do apartamento ğŸ˜…,Moradia
Passeio turÃ­stico aeroporto âœ…,Viagem
"RenovaÃ§Ã£o Office 365 (pix) R$ 196,51",Assinaturas
BAR OUTBACK HOJE,Lazer
Restaurante McDonald's urgente,Lazer
Mensalidade faculdade,EducaÃ§Ã£o
Plano de saÃºde Nubank urgente,SaÃºde
Aluguel de carro,Viagem
Udemy InglÃªs,EducaÃ§Ã£o
GÃS DE COZINHA,Moradia
Fui no AtacadÃ£o comprar comida hoje,Mercado
ServiÃ§o Google One hoje,Outros
Show/ingresso urgente,Lazer
Recebi salÃ¡rio,Renda
BÃ´nus do trabalho âœ…,Renda
"Compra de supermercado PÃ£o de AÃ§Ãºcar R$ 519,34",Mercado
"CondomÃ­nio do apartamento R$ 293,10",Moradia
Internet Tim,Moradia
Recebi salÃ¡rio hoje,Renda
Internet Nubank urgente,Moradia
AÃ§ougue da esquina,Mercado
"INTERNET CLARO URGENTE R$ 216,35",Moradia
"Material escolar R$ 587,01",EducaÃ§Ã£o
CondomÃ­nio do apartamento,Moradia
Pix recebido do cliente ğŸ˜…,Renda
RemÃ©dio ibuprofeno urgente,SaÃºde
Estacionamento centro ğŸ˜…,Transporte
Restaurante McDonald's hoje,Lazer
Compra de supermercado AtacadÃ£o âœ…,Mercado
Spotify ğŸ˜…,Assinaturas
DepÃ³sito de salÃ¡rio Enel âœ…,Renda
Aluguel de carro,Viagem
BÃ´nus do trabalho urgente,Renda
FUI NO SUPERMERCADO LOCAL COMPRAR COMIDA,Mercado
Bar Outback âœ…,Lazer
"Recebimento freelance {tipo} R$ 129,17",Renda
DepÃ³sito de salÃ¡rio Unimed,Renda
Restaurante Burger King ğŸ˜…,Lazer
Presente para pai,Outros
Udemy Machine Learning urgente,EducaÃ§Ã£o
"Estacionamento aeroporto (pix) R$ 449,05",Transporte
"Ifood McDonald's (pix) R$ 258,43",Lazer
Aluguel de carro,Viagem
AMAZON PRIME âœ…,Assinaturas
AIRBNB ACADEMIA,Viagem
AÃ§ougue da esquina âœ…,Mercado
Internet Claro hoje,Moradia
Recebi salÃ¡rio urgente,Renda
Conta de luz Nubank,Moradia
Curso Python,EducaÃ§Ã£o
Passagem aÃ©rea Latam ğŸ˜…,Viagem
Consulta mÃ©dica âœ…,SaÃºde
Paguei aluguel hoje,Moradia
Aluguel de carro,Viagem
PAGUEI ALUGUEL,Moradia
DENTISTA URGENTE,SaÃºde
Compra de livro estatÃ­stica (pix),EducaÃ§Ã£o
PLANO DE SAÃšDE UNIMED HOJE,SaÃºde
"Restaurante Burger King hoje R$ 68,63",Lazer
HOTEL EM AEROPORTO (PIX),Viagem
Pix recebido do Maria,Renda
"Mensalidade faculdade hoje R$ 130,83",EducaÃ§Ã£o
BÃ´nus do trabalho urgente,Renda
Internet Tim,Moradia
Spotify urgente,Assinaturas
Passeio turÃ­stico aeroporto urgente,Viagem
AÃ§ougue Central (pix),Mercado
NETFLIX,Assinaturas
Netflix,Assinaturas
COMPRA NO PÃƒO DE AÃ‡ÃšCAR,Mercado
Assinatura Office 365,Assinaturas
Amazon Prime ğŸ˜…,Assinaturas
CONSULTA MÃ‰DICA âœ…,SaÃºde
Curso InglÃªs,EducaÃ§Ã£o
"99 para trabalho hoje R$ 507,31",Transporte
Ifood Pizzaria âœ…,Lazer
"Presente para mÃ£e ğŸ˜… R$ 206,93",Outros
Passagem de Ã´nibus,Transporte
"Pix recebido do cliente R$ 409,90",Renda
Pix recebido do JoÃ£o (pix),Renda
"Pix recebido do Maria urgente R$ 34,72",Renda
Recebimento freelance {tipo},Renda
Plano de saÃºde Vivo âœ…,SaÃºde
Recebi salÃ¡rio,Renda
"Conta de luz Claro (pix) R$ 192,15",Moradia
"Recebimento freelance {tipo} ğŸ˜… R$ 533,59",Renda
Airbnb casa (pix),Viagem
Mensalidade faculdade urgente,EducaÃ§Ã£o
"Passeio turÃ­stico aeroporto âœ… R$ 161,79",Viagem
"Alura âœ… R$ 132,28",EducaÃ§Ã£o
Consulta mÃ©dica,SaÃºde
BÃ´nus do trabalho urgente,Renda
Pagamento Copasa,Renda
"Estacionamento trabalho (pix) R$ 372,41",Transporte
PedÃ¡gio trabalho urgente,Transporte
"Recebi salÃ¡rio R$ 511,77",Renda
PAGAMENTO VIVO âœ…,Renda
"Netflix ğŸ˜… R$ 37,29",Assinaturas
Seguro viagem hoje,Viagem
Gasolina no Ale ğŸ˜…,Transporte
GÃ¡s de cozinha,Moradia
Show/ingresso hoje,Lazer
Udemy Power BI hoje,EducaÃ§Ã£o
"GASOLINA NO ALE (PIX) R$ 489,54",Transporte
Passagem aÃ©rea Gol,Viagem
"PIX RECEBIDO DO JOÃƒO URGENTE R$ 526,34",Renda
Recebimento freelance {tipo} hoje,Renda
"RemÃ©dio antialÃ©rgico ğŸ˜… R$ 523,23",SaÃºde
Fui no AtacadÃ£o comprar comida âœ…,Mercado
Material escolar urgente,EducaÃ§Ã£o
GASOLINA NO SHELL,Transporte
RemÃ©dio ibuprofeno,SaÃºde
CURSO MACHINE LEARNING,EducaÃ§Ã£o
Pix recebido do mÃ£e ğŸ˜…,Renda
Presente para JoÃ£o urgente,Outros
99 para aeroporto hoje,Transporte
Paguei aluguel ğŸ˜…,Moradia
Passagem aÃ©rea Azul,Viagem
"Udemy InglÃªs urgente R$ 252,06",EducaÃ§Ã£o
Hotel em trabalho,Viagem
"DepÃ³sito de salÃ¡rio Unimed R$ 151,14",Renda
Compra de supermercado Carrefour hoje,Mercado
Pix recebido do mÃ£e,Renda
Conta de luz Tim ğŸ˜…,Moradia
Curso Machine Learning âœ…,EducaÃ§Ã£o
ServiÃ§o Office 365,Outros
Ifood Outback hoje,Lazer
Uber para centro,Transporte
RemÃ©dio vitamina C urgente,SaÃºde
DoaÃ§Ã£o ğŸ˜…,Outros
ManutenÃ§Ã£o carro âœ…,Outros
AIRBNB CENTRO,Viagem
99 para centro hoje,Transporte
Aluguel de carro,Viagem
"UBER PARA TRABALHO ğŸ˜… R$ 178,22",Transporte
"AÃ§ougue Bom PreÃ§o R$ 442,63",Mercado
Pix recebido do Maria hoje,Renda
Compra na Bom PreÃ§o âœ…,Outros
Compra no AssaÃ­ urgente,Mercado
CONSULTA MÃ‰DICA HOJE,SaÃºde
COMPRA NA BOM PREÃ‡O,Outros
"Recebimento freelance {tipo} R$ 10,87",Renda
Hortifruti da esquina âœ…,Mercado
GÃS DE COZINHA,Moradia
Recebi salÃ¡rio ğŸ˜…,Renda
HOTEL EM TRABALHO,Viagem
"RenovaÃ§Ã£o ChatGPT Plus ğŸ˜… R$ 101,34",Assinaturas
ManutenÃ§Ã£o moto,Outros
"Recebi salÃ¡rio R$ 133,82",Renda
Alura urgente,EducaÃ§Ã£o
Pix recebido do Maria hoje,Renda
Aluguel de carro,Viagem
"ManutenÃ§Ã£o celular hoje R$ 406,95",Outros
Hortifruti Central,Mercado
DENTISTA ğŸ˜…,SaÃºde
Mensalidade faculdade,EducaÃ§Ã£o
Conta de luz ItaÃº âœ…,Moradia
CURSO PYTHON,EducaÃ§Ã£o
Seguro viagem âœ…,Viagem
Pix recebido do JoÃ£o,Renda
Padaria Bom PreÃ§o,Mercado
Bar Restaurante japonÃªs,Lazer
Cinema com amigos,Lazer
"Mensalidade faculdade R$ 262,42",EducaÃ§Ã£o
"Pagamento Vivo R$ 292,10",Renda
REMÃ‰DIO IBUPROFENO,SaÃºde
ALURA,EducaÃ§Ã£o
"Internet Tim urgente R$ 522,47",Moradia
Seguro viagem,Viagem
"ALUGUEL DE CARRO âœ… R$ 70,61",Viagem
CINEMA COM AMIGOS,Lazer
"Plano de saÃºde Vivo R$ 216,61",SaÃºde
99 para casa âœ…,Transporte
"Netflix (pix) R$ 136,58",Assinaturas
Passeio turÃ­stico academia âœ…,Viagem
"Material escolar âœ… R$ 177,24",EducaÃ§Ã£o
"Conta de luz Vivo âœ… R$ 515,23",Moradia
Passagem de Ã´nibus ğŸ˜…,Transporte
Compra de supermercado PÃ£o de AÃ§Ãºcar urgente,Mercado
Fui no AtacadÃ£o comprar comida âœ…,Mercado
"Compra de livro machine learning (pix) R$ 371,53",EducaÃ§Ã£o
PAGAMENTO DIVERSO,Outros
BÃ´nus do trabalho,Renda
Netflix hoje,Assinaturas
"Pagamento diverso âœ… R$ 594,91",Outros
Conta de luz ItaÃº,Moradia
Hotel em centro,Viagem
Estacionamento aeroporto âœ…,Transporte
"Bar McDonald's urgente R$ 234,20",Lazer
Recebi salÃ¡rio,Renda
Dentista âœ…,SaÃºde
Passagem de Ã´nibus ğŸ˜…,Transporte
"DoaÃ§Ã£o R$ 190,17",Outros
DEPÃ“SITO DE SALÃRIO ENEL (PIX),Renda
Plano de saÃºde Tim ğŸ˜…,SaÃºde
Pagamento Tim,Renda
BÃ´nus do trabalho ğŸ˜…,Renda
Bar Restaurante japonÃªs (pix),Lazer
Compra no Carrefour,Mercado
Udemy Machine Learning hoje,EducaÃ§Ã£o
Airbnb casa urgente,Viagem
Sorvete Burger King âœ…,Lazer
"ServiÃ§o iCloud (pix) R$ 155,04",Outros
Seguro viagem ğŸ˜…,Viagem
Plano de saÃºde ItaÃº ğŸ˜…,SaÃºde
EXAME DE SANGUE âœ…,SaÃºde
PASSEIO TURÃSTICO ACADEMIA âœ…,Viagem
MATERIAL ESCOLAR HOJE,EducaÃ§Ã£o
DepÃ³sito de salÃ¡rio Enel ğŸ˜…,Renda
"Compra de supermercado Carrefour R$ 395,55",Mercado
"Curso Machine Learning (pix) R$ 451,96",EducaÃ§Ã£o
"CONTA DE ÃGUA UNIMED URGENTE R$ 339,28",Moradia
Fui no AssaÃ­ comprar comida,Mercado
99 para trabalho,Transporte
YouTube Premium hoje,Assinaturas
Fui no Supermercado local comprar comida urgente,Mercado
Aluguel de carro hoje,Viagem
"Presente para mÃ£e (pix) R$ 177,43",Outros
Amazon Prime âœ…,Assinaturas
Passagem de Ã´nibus,Transporte
Gasolina no BR,Transporte
Passagem de Ã´nibus âœ…,Transporte
Udemy Power BI urgente,EducaÃ§Ã£o
Compra de supermercado AtacadÃ£o,Mercado
"Assinatura ChatGPT Plus urgente R$ 117,12",Assinaturas
MENSALIDADE FACULDADE âœ…,EducaÃ§Ã£o
Bar Outback hoje,Lazer
Sorvete Restaurante japonÃªs (pix),Lazer
Estacionamento academia,Transporte
Internet Tim,Moradia
Assinatura ChatGPT Plus (pix),Assinaturas
Paguei aluguel âœ…,Moradia
Recebi salÃ¡rio,Renda
"Estacionamento aeroporto (pix) R$ 477,65",Transporte
GÃ¡s de cozinha,Moradia
Conta de Ã¡gua ItaÃº ğŸ˜…,Moradia
Cinema com amigos (pix),Lazer
RemÃ©dio ibuprofeno,SaÃºde
Paguei aluguel,Moradia
DOAÃ‡ÃƒO URGENTE,Outros
Passeio turÃ­stico trabalho urgente,Viagem
AIRBNB TRABALHO URGENTE,Viagem
"Exame de sangue (pix) R$ 380,88",SaÃºde
Show/ingresso (pix),Lazer
"Show/ingresso (pix) R$ 260,45",Lazer
"Fui no Carrefour comprar comida ğŸ˜… R$ 318,55",Mercado
GÃ¡s de cozinha hoje,Moradia
"Dentista (pix) R$ 95,07",SaÃºde
Aluguel de carro (pix),Viagem
Compra no AtacadÃ£o âœ…,Mercado
"Estacionamento casa urgente R$ 480,45",Transporte
Passagem de Ã´nibus âœ…,Transporte
GÃ¡s de cozinha,Moradia
RemÃ©dio ibuprofeno âœ…,SaÃºde
Bar Restaurante japonÃªs ğŸ˜…,Lazer
PEDÃGIO CASA URGENTE,Transporte
Hortifruti Central,Mercado
"Internet Enel âœ… R$ 216,29",Moradia
DoaÃ§Ã£o,Outros
Curso Python,EducaÃ§Ã£o
Compra na Popular âœ…,Outros
Plano de saÃºde Vivo ğŸ˜…,SaÃºde
"SPOTIFY R$ 215,34",Assinaturas
Mensalidade faculdade ğŸ˜…,EducaÃ§Ã£o
Hotel em centro,Viagem
YouTube Premium,Assinaturas
FarmÃ¡cia Droga Raia (pix),SaÃºde
Consulta mÃ©dica (pix),SaÃºde
Seguro viagem urgente,Viagem
DENTISTA,SaÃºde
Plano de saÃºde Nubank ğŸ˜…,SaÃºde
Netflix urgente,Assinaturas
Passagem aÃ©rea Latam hoje,Viagem
Exame de sangue,SaÃºde
Netflix ğŸ˜…,Assinaturas
Consulta mÃ©dica,SaÃºde
ManutenÃ§Ã£o moto urgente,Outros
"MANUTENÃ‡ÃƒO MOTO R$ 316,71",Outros
Ifood McDonald's hoje,Lazer
Gasolina no Ipiranga hoje,Transporte
Recebi salÃ¡rio ğŸ˜…,Renda
Show/ingresso urgente,Lazer
Gasolina no Shell hoje,Transporte
Mensalidade faculdade hoje,EducaÃ§Ã£o
Compra de livro estatÃ­stica hoje,EducaÃ§Ã£o
CONDOMÃNIO DO APARTAMENTO URGENTE,Moradia
"HOTEL EM ACADEMIA R$ 180,27",Viagem
"Pagamento diverso urgente R$ 213,07",Outros
Recebi salÃ¡rio urgente,Renda
DepÃ³sito de salÃ¡rio Tim urgente,Renda
CINEMA COM AMIGOS,Lazer
99 para trabalho,Transporte
ESTACIONAMENTO ACADEMIA (PIX),Transporte
Passagem de Ã´nibus (pix),Transporte
"Consulta mÃ©dica âœ… R$ 138,22",SaÃºde
"Exame de sangue ğŸ˜… R$ 410,74",SaÃºde
"RenovaÃ§Ã£o Google One (pix) R$ 419,25",Assinaturas
Ifood Outback ğŸ˜…,Lazer
GÃ¡s de cozinha (pix),Moradia
DoaÃ§Ã£o,Outros
Fui no PÃ£o de AÃ§Ãºcar comprar comida urgente,Mercado
"Hortifruti Popular (pix) R$ 300,36",Mercado
Restaurante Burger King (pix),Lazer
"Mensalidade faculdade hoje R$ 159,81",EducaÃ§Ã£o
Dentista ğŸ˜…,SaÃºde
Gasolina no Ale hoje,Transporte
Passagem de Ã´nibus,Transporte
DoaÃ§Ã£o âœ…,Outros
COMPRA DE SUPERMERCADO ATACADÃƒO âœ…,Mercado
RenovaÃ§Ã£o iCloud ğŸ˜…,Assinaturas
Hotel em casa hoje,Viagem
SERVIÃ‡O OFFICE 365 HOJE,Outros
Hotel em casa âœ…,Viagem
Passagem aÃ©rea Gol ğŸ˜…,Viagem
CondomÃ­nio do apartamento hoje,Moradia
"Recebimento freelance {tipo} âœ… R$ 398,76",Renda
Exame de sangue,SaÃºde
Ifood Restaurante japonÃªs,Lazer
Pix recebido do pai,Renda
NETFLIX URGENTE,Assinaturas
"Compra na da esquina (pix) R$ 220,56",Outros
GÃS DE COZINHA âœ…,Moradia
DepÃ³sito de salÃ¡rio Enel urgente,Renda
Recebi salÃ¡rio ğŸ˜…,Renda
Cinema com amigos ğŸ˜…,Lazer
99 para casa hoje,Transporte
AÃ§ougue Popular urgente,Mercado
"Hotel em aeroporto hoje R$ 190,11",Viagem
"DoaÃ§Ã£o R$ 38,70",Outros
ManutenÃ§Ã£o moto ğŸ˜…,Outros
Sorvete Pizzaria (pix),Lazer
"Mensalidade faculdade âœ… R$ 254,80",EducaÃ§Ã£o
Bar Burger King,Lazer
FarmÃ¡cia Pague Menos,SaÃºde
Recebi salÃ¡rio,Renda
Consulta mÃ©dica,SaÃºde
CONDOMÃNIO DO APARTAMENTO,Moradia
YouTube Premium,Assinaturas
Padaria da esquina urgente,Mercado
Pagamento diverso urgente,Outros
Curso InglÃªs,EducaÃ§Ã£o
Dentista,SaÃºde
Netflix âœ…,Assinaturas
Netflix hoje,Assinaturas
HORTIFRUTI CENTRAL ğŸ˜…,Mercado
ServiÃ§o iCloud ğŸ˜…,Outros
"Cinema com amigos ğŸ˜… R$ 428,94",Lazer
"Recebimento freelance {tipo} hoje R$ 90,73",Renda
Assinatura ChatGPT Plus,Assinaturas
Show/ingresso urgente,Lazer
"Passagem aÃ©rea Azul R$ 98,38",Viagem
Estacionamento centro ğŸ˜…,Transporte
"Passagem de Ã´nibus hoje R$ 271,96",Transporte
Consulta mÃ©dica,SaÃºde
DepÃ³sito de salÃ¡rio Copasa ğŸ˜…,Renda
Passeio turÃ­stico centro urgente,Viagem
Netflix,Assinaturas
Restaurante McDonald's (pix),Lazer
Amazon Prime ğŸ˜…,Assinaturas
Dentista,SaÃºde
"Consulta mÃ©dica ğŸ˜… R$ 72,11",SaÃºde
"Passagem de Ã´nibus R$ 180,97",Transporte
AÃ§ougue da esquina,Mercado
"Uber para centro R$ 424,56",Transporte
"Restaurante Restaurante japonÃªs urgente R$ 536,22",Lazer
Show/ingresso ğŸ˜…,Lazer
"CondomÃ­nio do apartamento R$ 509,10",Moradia
Passagem de Ã´nibus,Transporte
Paguei aluguel,Moradia
CURSO PYTHON (PIX),EducaÃ§Ã£o
Recebi salÃ¡rio hoje,Renda
Conta de luz Enel,Moradia
Presente para pai urgente,Outros
Cinema com amigos,Lazer
Restaurante Pizzaria ğŸ˜…,Lazer
Compra na Bom PreÃ§o hoje,Outros
Restaurante Outback,Lazer
DoaÃ§Ã£o urgente,Outros
Uber para trabalho,Transporte
Show/ingresso,Lazer
Bar McDonald's,Lazer
Amazon Prime,Assinaturas
Recebimento freelance {tipo} (pix),Renda
"Ifood Burger King R$ 292,42",Lazer
INTERNET CLARO URGENTE,Moradia
Bar Burger King,Lazer
Sorvete McDonald's,Lazer
Assinatura iCloud,Assinaturas
ASSINATURA CHATGPT PLUS (PIX),Assinaturas
"DENTISTA R$ 292,84",SaÃºde
"PedÃ¡gio aeroporto ğŸ˜… R$ 580,84",Transporte
Estacionamento trabalho âœ…,Transporte
"Sorvete Pizzaria âœ… R$ 545,86",Lazer
Seguro viagem,Viagem
Gasolina no Ipiranga,Transporte
"Pagamento Enel R$ 127,97",Renda
"Presente para pai R$ 69,37",Outros
Gasolina no Shell hoje,Transporte
GÃ¡s de cozinha,Moradia
DoaÃ§Ã£o hoje,Outros
AÃ‡OUGUE DA ESQUINA âœ…,Mercado
"RECEBI SALÃRIO R$ 267,68",Renda
Padaria Bom PreÃ§o hoje,Mercado
AIRBNB TRABALHO URGENTE,Viagem
PAGAMENTO DIVERSO ğŸ˜…,Outros
"Compra no Carrefour (pix) R$ 241,93",Mercado
Consulta mÃ©dica (pix),SaÃºde
Seguro viagem ğŸ˜…,Viagem
Curso Python (pix),EducaÃ§Ã£o
Paguei aluguel ğŸ˜…,Moradia
Dentista ğŸ˜…,SaÃºde
Udemy Python ğŸ˜…,EducaÃ§Ã£o
99 para aeroporto ğŸ˜…,Transporte
RenovaÃ§Ã£o Office 365 âœ…,Assinaturas
Recebimento freelance {tipo},Renda
Presente para Maria ğŸ˜…,Outros
"Aluguel de carro R$ 200,49",Viagem
GASOLINA NO BR,Transporte
"YouTube Premium âœ… R$ 82,54",Assinaturas
"Sorvete McDonald's R$ 307,34",Lazer
Alura ğŸ˜…,EducaÃ§Ã£o
"GÃ¡s de cozinha urgente R$ 71,50",Moradia
CONTA DE ÃGUA COPASA (PIX),Moradia
Compra de supermercado AtacadÃ£o,Mercado
AMAZON PRIME,Assinaturas
"RenovaÃ§Ã£o Office 365 urgente R$ 168,92",Assinaturas
"PedÃ¡gio casa R$ 505,17",Transporte
Paguei aluguel (pix),Moradia
PAGAMENTO NUBANK,Renda
Compra de supermercado AssaÃ­ âœ…,Mercado
"Assinatura Office 365 R$ 464,50",Assinaturas
ServiÃ§o Google One hoje,Outros
"DepÃ³sito de salÃ¡rio Enel R$ 73,60",Renda
Airbnb academia âœ…,Viagem
Gasolina no BR âœ…,Transporte
Spotify (pix),Assinaturas
Pagamento Vivo,Renda
Compra no PÃ£o de AÃ§Ãºcar âœ…,Mercado
Ifood Pizzaria,Lazer
Cinema com amigos urgente,Lazer
Dentista ğŸ˜…,SaÃºde
"Pagamento diverso R$ 276,74",Outros
DoaÃ§Ã£o,Outros
ManutenÃ§Ã£o computador,Outros
"RenovaÃ§Ã£o Google One âœ… R$ 587,38",Assinaturas
Passagem aÃ©rea Azul (pix),Viagem
Netflix âœ…,Assinaturas
Uber para casa (pix),Transporte
PedÃ¡gio trabalho hoje,Transporte
Padaria Bom PreÃ§o,Mercado
"Udemy InglÃªs hoje R$ 594,46",EducaÃ§Ã£o
Compra de supermercado AtacadÃ£o urgente,Mercado
GÃ¡s de cozinha urgente,Moradia
Exame de sangue âœ…,SaÃºde
Cinema com amigos,Lazer
ServiÃ§o ChatGPT Plus ğŸ˜…,Outros
"Curso Machine Learning (pix) R$ 41,52",EducaÃ§Ã£o
Material escolar,EducaÃ§Ã£o
Seguro viagem,Viagem
COMPRA NO ASSAÃ,Mercado
"ServiÃ§o iCloud hoje R$ 318,65",Outros
"RemÃ©dio vitamina C R$ 538,21",SaÃºde
Spotify (pix),Assinaturas
Paguei aluguel,Moradia
Bar Outback,Lazer
Airbnb aeroporto âœ…,Viagem
Estacionamento academia (pix),Transporte
"Mensalidade faculdade R$ 253,67",EducaÃ§Ã£o
Restaurante McDonald's,Lazer
Cinema com amigos urgente,Lazer
Airbnb aeroporto,Viagem
Gasolina no Ale,Transporte
Amazon Prime (pix),Assinaturas
BÃ´nus do trabalho hoje,Renda
Internet Tim hoje,Moradia
FarmÃ¡cia Pague Menos (pix),SaÃºde
Conta de Ã¡gua Enel urgente,Moradia
Restaurante Restaurante japonÃªs urgente,Lazer
"Passagem de Ã´nibus hoje R$ 510,10",Transporte
Hortifruti da esquina âœ…,Mercado
Internet Nubank âœ…,Moradia
Sorvete Outback,Lazer
Bar McDonald's urgente,Lazer
Conta de luz Vivo ğŸ˜…,Moradia
Paguei aluguel ğŸ˜…,Moradia
"ALUGUEL DE CARRO (PIX) R$ 328,57",Viagem
Netflix ğŸ˜…,Assinaturas
"Ifood Pizzaria (pix) R$ 408,10",Lazer
MENSALIDADE FACULDADE (PIX),EducaÃ§Ã£o
Bar Pizzaria urgente,Lazer
"DoaÃ§Ã£o (pix) R$ 57,66",Outros
Pagamento Claro hoje,Renda
"Internet Tim R$ 249,30",Moradia
Pagamento diverso urgente,Outros
Compra de livro estatÃ­stica,EducaÃ§Ã£o
Ifood McDonald's,Lazer
"Udemy InglÃªs hoje R$ 582,43",EducaÃ§Ã£o
"99 para centro urgente R$ 316,81",Transporte
BÃ´nus do trabalho hoje,Renda
Internet Nubank hoje,Moradia
PAGAMENTO DIVERSO URGENTE,Outros
Seguro viagem ğŸ˜…,Viagem
"DOAÃ‡ÃƒO R$ 405,27",Outros
Paguei aluguel (pix),Moradia
"HORTIFRUTI DA ESQUINA R$ 17,45",Mercado
Hortifruti Central (pix),Mercado
BÃ”NUS DO TRABALHO,Renda
PedÃ¡gio trabalho ğŸ˜…,Transporte
"99 para centro R$ 85,51",Transporte
Estacionamento trabalho,Transporte
"Ifood McDonald's ğŸ˜… R$ 190,35",Lazer
"Ifood Pizzaria hoje R$ 431,16",Lazer
BÃ´nus do trabalho,Renda
YouTube Premium âœ…,Assinaturas
Restaurante Outback hoje,Lazer
"Gasolina no BR hoje R$ 331,68",Transporte
Internet Copasa (pix),Moradia
SPOTIFY HOJE,Assinaturas
"RESTAURANTE RESTAURANTE JAPONÃŠS R$ 323,93",Lazer
GÃ¡s de cozinha,Moradia
Pagamento Enel âœ…,Renda
Estacionamento aeroporto (pix),Transporte
"Alura hoje R$ 19,38",EducaÃ§Ã£o
"MENSALIDADE FACULDADE R$ 457,56",EducaÃ§Ã£o
Gasolina no Ipiranga,Transporte
Cinema com amigos,Lazer
RESTAURANTE PIZZARIA HOJE,Lazer
UDEMY PYTHON,EducaÃ§Ã£o
99 PARA TRABALHO,Transporte
"Hortifruti Popular (pix) R$ 65,49",Mercado
"RECEBI SALÃRIO URGENTE R$ 64,69",Renda
GÃ¡s de cozinha,Moradia
"Pagamento Enel (pix) R$ 204,12",Renda
DoaÃ§Ã£o,Outros
INTERNET ENEL (PIX),Moradia
Passagem de Ã´nibus,Transporte
Udemy Python urgente,EducaÃ§Ã£o
"MENSALIDADE FACULDADE R$ 142,52",EducaÃ§Ã£o
Conta de luz Unimed ğŸ˜…,Moradia
Amazon Prime (pix),Assinaturas
"Presente para Maria urgente R$ 86,92",Outros
"DepÃ³sito de salÃ¡rio Claro hoje R$ 36,57",Renda
Estacionamento academia âœ…,Transporte
"REMÃ‰DIO ANTIALÃ‰RGICO HOJE R$ 295,09",SaÃºde
Pix recebido do Maria,Renda
Assinatura ChatGPT Plus urgente,Assinaturas
CondomÃ­nio do apartamento ğŸ˜…,Moradia
PRESENTE PARA JOÃƒO ğŸ˜…,Outros
REMÃ‰DIO DIPIRONA,SaÃºde
"Conta de luz ItaÃº R$ 564,11",Moradia
Compra de livro estatÃ­stica hoje,EducaÃ§Ã£o
Material escolar ğŸ˜…,EducaÃ§Ã£o
"AIRBNB ACADEMIA âœ… R$ 32,08",Viagem
Recebi salÃ¡rio urgente,Renda
"Presente para cliente hoje R$ 498,28",Outros
Aluguel de carro hoje,Viagem
Uber para trabalho âœ…,Transporte
Pix recebido do JoÃ£o (pix),Renda
Restaurante Pizzaria,Lazer
Uber para centro ğŸ˜…,Transporte
"GÃ¡s de cozinha R$ 239,55",Moradia
GÃ¡s de cozinha âœ…,Moradia
PAGAMENTO ITAÃš âœ…,Renda
Compra de supermercado AtacadÃ£o urgente,Mercado
"Sorvete Restaurante japonÃªs urgente R$ 584,11",Lazer
Compra na Bom PreÃ§o,Outros
Presente para JoÃ£o,Outros
Sorvete McDonald's âœ…,Lazer
Seguro viagem hoje,Viagem
Cinema com amigos ğŸ˜…,Lazer
DepÃ³sito de salÃ¡rio ItaÃº urgente,Renda
ServiÃ§o iCloud (pix),Outros
"GÃ¡s de cozinha urgente R$ 550,58",Moradia
Conta de luz Unimed hoje,Moradia
ManutenÃ§Ã£o celular (pix),Outros
ManutenÃ§Ã£o celular (pix),Outros
YOUTUBE PREMIUM,Assinaturas
Gasolina no BR ğŸ˜…,Transporte
"PEDÃGIO CASA HOJE R$ 63,30",Transporte
Pix recebido do JoÃ£o hoje,Renda
Seguro viagem urgente,Viagem
Mensalidade faculdade,EducaÃ§Ã£o
ServiÃ§o iCloud âœ…,Outros
Airbnb aeroporto,Viagem
RenovaÃ§Ã£o iCloud,Assinaturas
"Bar Burger King R$ 582,65",Lazer
Fui no Carrefour comprar comida âœ…,Mercado
Passagem de Ã´nibus,Transporte
SERVIÃ‡O ICLOUD ğŸ˜…,Outros
Internet ItaÃº ğŸ˜…,Moradia
ServiÃ§o Google One,Outros
Ifood McDonald's (pix),Lazer
Cinema com amigos,Lazer
CONSULTA MÃ‰DICA âœ…,SaÃºde
Pagamento diverso âœ…,Outros
Spotify,Assinaturas
"ManutenÃ§Ã£o carro R$ 483,14",Outros
"RemÃ©dio vitamina C hoje R$ 85,53",SaÃºde
ServiÃ§o Google One,Outros
Netflix urgente,Assinaturas
BÃ”NUS DO TRABALHO ğŸ˜…,Renda
"RenovaÃ§Ã£o iCloud R$ 131,51",Assinaturas
99 para casa (pix),Transporte
"Presente para mÃ£e ğŸ˜… R$ 330,64",Outros
"Passagem de Ã´nibus âœ… R$ 45,05",Transporte
Mensalidade faculdade,EducaÃ§Ã£o
Mensalidade faculdade,EducaÃ§Ã£o
Hotel em trabalho ğŸ˜…,Viagem
"Pagamento Tim urgente R$ 171,90",Renda
"Presente para cliente hoje R$ 389,97",Outros
"Hortifruti Bom PreÃ§o R$ 492,12",Mercado
"Pix recebido do Maria R$ 232,65",Renda
"Exame de sangue ğŸ˜… R$ 380,19",SaÃºde
FarmÃ¡cia Panvel âœ…,SaÃºde
Spotify,Assinaturas
CondomÃ­nio do apartamento (pix),Moradia
GÃ¡s de cozinha,Moradia
Assinatura ChatGPT Plus,Assinaturas
"Hotel em casa urgente R$ 392,49",Viagem
Airbnb aeroporto,Viagem
"Padaria Popular hoje R$ 133,84",Mercado
Sorvete Outback âœ…,Lazer
"DoaÃ§Ã£o R$ 507,45",Outros
Assinatura Office 365 âœ…,Assinaturas
Airbnb academia âœ…,Viagem
Pagamento diverso hoje,Outros
Compra de supermercado AssaÃ­,Mercado
"Dentista hoje R$ 241,74",SaÃºde
Hotel em centro,Viagem
Uber para aeroporto,Transporte
"Presente para Maria urgente R$ 459,20",Outros
Conta de Ã¡gua Tim,Moradia
ManutenÃ§Ã£o moto,Outros
Alura (pix),EducaÃ§Ã£o
Fui no Carrefour comprar comida âœ…,Mercado
RenovaÃ§Ã£o Google One urgente,Assinaturas
"RemÃ©dio vitamina C âœ… R$ 513,56",SaÃºde
Passagem aÃ©rea Azul urgente,Viagem
ALURA,EducaÃ§Ã£o
COMPRA DE LIVRO ESTATÃSTICA URGENTE,EducaÃ§Ã£o
Conta de luz Enel,Moradia
"ServiÃ§o iCloud (pix) R$ 597,77",Outros
Compra de livro finanÃ§as pessoais,EducaÃ§Ã£o
Fui no Carrefour comprar comida ğŸ˜…,Mercado
"UDEMY PYTHON URGENTE R$ 197,06",EducaÃ§Ã£o
RenovaÃ§Ã£o Office 365 âœ…,Assinaturas
Recebi salÃ¡rio,Renda
Assinatura Office 365 âœ…,Assinaturas
"Alura urgente R$ 380,42",EducaÃ§Ã£o
Dentista hoje,SaÃºde
Presente para mÃ£e hoje,Outros
"Conta de Ã¡gua Nubank (pix) R$ 522,36",Moradia
"Material escolar R$ 335,44",EducaÃ§Ã£o
Pagamento Vivo urgente,Renda
Restaurante Outback hoje,Lazer
"Internet Claro hoje R$ 150,22",Moradia
"SEGURO VIAGEM HOJE R$ 181,57",Viagem
ALURA,EducaÃ§Ã£o
Pix recebido do cliente,Renda
AÃ§ougue da esquina,Mercado
Passagem de Ã´nibus hoje,Transporte
"Padaria da esquina R$ 190,98",Mercado
Recebi salÃ¡rio urgente,Renda
Recebi salÃ¡rio hoje,Renda
Uber para aeroporto,Transporte
Presente para cliente,Outros
"Plano de saÃºde ItaÃº urgente R$ 477,41",SaÃºde
"Spotify R$ 14,17",Assinaturas
RenovaÃ§Ã£o Google One hoje,Assinaturas
Spotify,Assinaturas
ManutenÃ§Ã£o computador hoje,Outros
Bar McDonald's hoje,Lazer
"RenovaÃ§Ã£o iCloud R$ 135,82",Assinaturas
MENSALIDADE FACULDADE âœ…,EducaÃ§Ã£o
PedÃ¡gio centro ğŸ˜…,Transporte
Assinatura Google One âœ…,Assinaturas
MANUTENÃ‡ÃƒO MOTO (PIX),Outros
CondomÃ­nio do apartamento urgente,Moradia
DepÃ³sito de salÃ¡rio Copasa,Renda
Seguro viagem (pix),Viagem
"CONDOMÃNIO DO APARTAMENTO âœ… R$ 442,24",Moradia
Netflix,Assinaturas
FarmÃ¡cia Drogasil,SaÃºde
Presente para pai hoje,Outros
Assinatura iCloud ğŸ˜…,Assinaturas
"Alura urgente R$ 485,52",EducaÃ§Ã£o
Show/ingresso (pix),Lazer
Presente para pai,Outros
YouTube Premium ğŸ˜…,Assinaturas
Mensalidade faculdade,EducaÃ§Ã£o
Conta de luz Unimed hoje,Moradia
GÃ¡s de cozinha,Moradia
"FarmÃ¡cia Pague Menos hoje R$ 480,78",SaÃºde
Padaria Central hoje,Mercado
"Conta de Ã¡gua Enel R$ 136,84",Moradia
"RemÃ©dio vitamina C R$ 253,39",SaÃºde
FarmÃ¡cia Panvel,SaÃºde
GÃ¡s de cozinha,Moradia
"FarmÃ¡cia Droga Raia R$ 467,93",SaÃºde
"Mensalidade faculdade R$ 514,86",EducaÃ§Ã£o
Estacionamento centro,Transporte
RemÃ©dio vitamina C (pix),SaÃºde
FarmÃ¡cia Droga Raia urgente,SaÃºde
DENTISTA,SaÃºde
"PASSEIO TURÃSTICO CASA R$ 549,31",Viagem
"Plano de saÃºde ItaÃº (pix) R$ 89,35",SaÃºde
Hotel em trabalho,Viagem
RenovaÃ§Ã£o ChatGPT Plus ğŸ˜…,Assinaturas
"Netflix (pix) R$ 168,55",Assinaturas
"Dentista hoje R$ 542,36",SaÃºde
Compra na Bom PreÃ§o,Outros
ServiÃ§o Office 365,Outros
Netflix urgente,Assinaturas
Ifood Pizzaria urgente,Lazer
99 para trabalho urgente,Transporte
Amazon Prime âœ…,Assinaturas
Udemy Machine Learning hoje,EducaÃ§Ã£o
Amazon Prime urgente,Assinaturas
Sorvete Restaurante japonÃªs urgente,Lazer
Ifood McDonald's âœ…,Lazer
Paguei aluguel,Moradia
Spotify,Assinaturas
ServiÃ§o Google One hoje,Outros
Material escolar âœ…,EducaÃ§Ã£o
Mensalidade faculdade urgente,EducaÃ§Ã£o
Pix recebido do pai (pix),Renda
Cinema com amigos,Lazer
GÃ¡s de cozinha,Moradia
PedÃ¡gio casa (pix),Transporte
Dentista,SaÃºde
CURSO INGLÃŠS,EducaÃ§Ã£o
Ifood Burger King (pix),Lazer
Recebi salÃ¡rio hoje,Renda
Compra de supermercado Supermercado local,Mercado
Estacionamento centro,Transporte
Compra no PÃ£o de AÃ§Ãºcar,Mercado
Pagamento diverso,Outros
Ifood Outback âœ…,Lazer
"Consulta mÃ©dica R$ 14,74",SaÃºde
99 para casa (pix),Transporte
Amazon Prime âœ…,Assinaturas
Compra de livro finanÃ§as pessoais hoje,EducaÃ§Ã£o
"Passagem aÃ©rea Gol hoje R$ 588,78",Viagem
Gasolina no Ale ğŸ˜…,Transporte
"Curso Python R$ 261,81",EducaÃ§Ã£o
Internet Enel (pix),Moradia
Gasolina no Ipiranga ğŸ˜…,Transporte
Udemy Machine Learning âœ…,EducaÃ§Ã£o
BÃ´nus do trabalho (pix),Renda
Airbnb trabalho,Viagem
"Passeio turÃ­stico centro âœ… R$ 326,42",Viagem
DoaÃ§Ã£o ğŸ˜…,Outros
MATERIAL ESCOLAR âœ…,EducaÃ§Ã£o
Padaria da esquina urgente,Mercado
Presente para pai,Outros
"Padaria Popular R$ 365,12",Mercado
RenovaÃ§Ã£o iCloud âœ…,Assinaturas
"Compra no Supermercado local âœ… R$ 503,47",Mercado
SPOTIFY,Assinaturas
"Bar Restaurante japonÃªs âœ… R$ 388,02",Lazer
Consulta mÃ©dica hoje,SaÃºde
Aluguel de carro,Viagem
"Restaurante Burger King (pix) R$ 166,62",Lazer
"Consulta mÃ©dica ğŸ˜… R$ 65,68",SaÃºde
BÃ”NUS DO TRABALHO âœ…,Renda
Aluguel de carro hoje,Viagem
CINEMA COM AMIGOS HOJE,Lazer
"Hortifruti da esquina (pix) R$ 567,73",Mercado
Padaria Central (pix),Mercado
Hotel em trabalho urgente,Viagem
Estacionamento casa,Transporte
DoaÃ§Ã£o urgente,Outros
"Uber para casa hoje R$ 251,20",Transporte
Cinema com amigos urgente,Lazer
UBER PARA AEROPORTO URGENTE,Transporte
COMPRA DE SUPERMERCADO ATACADÃƒO,Mercado
"DoaÃ§Ã£o R$ 100,25",Outros
Ifood Pizzaria âœ…,Lazer
PLANO DE SAÃšDE ITAÃš âœ…,SaÃºde
Fui no Carrefour comprar comida hoje,Mercado
PedÃ¡gio centro,Transporte
Pagamento diverso ğŸ˜…,Outros
"PedÃ¡gio trabalho hoje R$ 349,96",Transporte
Udemy InglÃªs hoje,EducaÃ§Ã£o
"Pix recebido do mÃ£e (pix) R$ 597,25",Renda
BÃ´nus do trabalho ğŸ˜…,Renda
"Spotify R$ 207,54",Assinaturas
"Internet Tim (pix) R$ 332,33",Moradia
"Assinatura Google One urgente R$ 335,09",Assinaturas
Bar Pizzaria,Lazer
Cinema com amigos (pix),Lazer
"Spotify urgente R$ 581,70",Assinaturas
Curso Machine Learning urgente,EducaÃ§Ã£o
DoaÃ§Ã£o ğŸ˜…,Outros
"Recebimento freelance {tipo} hoje R$ 168,84",Renda
"99 para casa R$ 128,60",Transporte
Exame de sangue urgente,SaÃºde
Plano de saÃºde Enel ğŸ˜…,SaÃºde
Airbnb centro urgente,Viagem
RemÃ©dio ibuprofeno,SaÃºde
Seguro viagem hoje,Viagem
Pagamento Claro hoje,Renda
"PASSEIO TURÃSTICO ACADEMIA R$ 471,76",Viagem
Pagamento diverso,Outros
Conta de Ã¡gua Nubank,Moradia
Presente para JoÃ£o urgente,Outros
FarmÃ¡cia Panvel,SaÃºde
"Seguro viagem urgente R$ 245,20",Viagem
Passeio turÃ­stico trabalho,Viagem
"Internet Tim R$ 188,07",Moradia
Netflix hoje,Assinaturas
"RemÃ©dio dipirona R$ 201,81",SaÃºde
"Material escolar âœ… R$ 509,94",EducaÃ§Ã£o
Conta de luz Tim urgente,Moradia
Recebimento freelance {tipo},Renda
Mensalidade faculdade (pix),EducaÃ§Ã£o
PedÃ¡gio aeroporto,Transporte
Airbnb centro,Viagem
SHOW/INGRESSO (PIX),Lazer
Compra no Supermercado local (pix),Mercado
GÃS DE COZINHA,Moradia
DoaÃ§Ã£o urgente,Outros
DepÃ³sito de salÃ¡rio Enel (pix),Renda
Padaria Bom PreÃ§o âœ…,Mercado
SORVETE OUTBACK HOJE,Lazer
Presente para JoÃ£o urgente,Outros
99 para aeroporto,Transporte
Ifood Outback urgente,Lazer
ManutenÃ§Ã£o computador,Outros
"Netflix (pix) R$ 223,87",Assinaturas
DoaÃ§Ã£o,Outros
Gasolina no Shell,Transporte
"YouTube Premium (pix) R$ 281,91",Assinaturas
Pix recebido do pai ğŸ˜…,Renda
Aluguel de carro (pix),Viagem
"RemÃ©dio vitamina C urgente R$ 220,99",SaÃºde
Fui no Supermercado local comprar comida (pix),Mercado
Ifood Burger King,Lazer
Hortifruti Bom PreÃ§o (pix),Mercado
Airbnb centro (pix),Viagem
Amazon Prime (pix),Assinaturas
"Restaurante Restaurante japonÃªs âœ… R$ 89,60",Lazer
Restaurante Outback,Lazer
Plano de saÃºde Nubank,SaÃºde
PEDÃGIO CASA,Transporte
